variable_name,variable_description,content
mod_d,최종 DB 수정일,"A001000101
조사구번호 거처주거번호 가구원번호"
ID,개인 아이디,"A0010001
조사구번호 거처주거번호"
ID_fam,가구 아이디,
year,조사연도,
region,17개 시도,"1. 서울
2. 부산
3. 대구
4. 인천
5. 광주
6. 대전
7. 울산
8. 세종
9. 경기
10. 강원
11. 충북
12. 충남
13. 전북
14. 전남
15. 경북
16. 경남
17. 제주"
town_t,동/읍면 구분,"1. 동
2. 읍면"
apt_t,아파트 구분,"1. 일반
2. 아파트"
psu,조사구번호,
sex,성별,"1. 남자
2. 여자"
age,나이1),"세
1~79. 1~79세
80. 80세이상"
age_month,월령,개월 (1~64세)
incm,"소득 4분위수(개인)
※4분위수 구분 기준금액 참조","1. 하
2. 중하
3. 중상
4. 상"
ho_incm,"소득 4분위수(가구)
※4분위수 구분 기준금액 참조","1. 하
2. 중하
3. 중상
4. 상"
incm5,"소득 5분위수(개인)
※5분위수 구분 기준금액 참조","1. 하
2. 중하
3. 중
4. 중상
5. 상"
ho_incm5,"소득 5분위수(가구)
※5분위수 구분 기준금액 참조","1. 하
2. 중하
3. 중
4. 중상
5. 상"
edu,"교육수준 재분류 코드
※졸업은 현 학력으로, 수료·중퇴 재학·휴학은 이전 학력으로 분류","1. 초졸이하
2. 중졸
3. 고졸
4. 대졸이상"
occp,"직업재분류 및 실업/비경제활동 상태 코드
※군인 제외","1. 관리자, 전문가 및 관련 종사자
2. 사무종사자
3. 서비스 및 판매 종사자
4. 농림어업 숙련 종사자
5. 기능원, 장치기계조작 및 조립종사자
6. 단순노무종사자
7. 무직(주부, 학생 등)"
wt_hs,가구조사 가중치,
wt_itvex,건강설문-검진조사 가중치,
wt_oe,구강검사 가중치,
wt_bia,체성분검사 가중치(10세이상)2),
wt_pft,폐기능검사 가중치3),
wt_ntr,영양조사 가중치,
wt_tot,건강설문-검진조사 & 영양조사 가중치1),
wt_oent,구강검사 & 영양조사 가중치,
wt_biant,체성분검사 & 영양조사 가중치(10세이상)2),
wt_pfnt,폐기능검사 & 영양조사 가중치3),
strata,분산추정층,
cfam,가구원수1),"1. 1명
2. 2명
3. 3명
4. 4명
5. 5명
6. 6명 이상
9. 모름, 무응답"
genertn,가구 세대구성코드1),"1. 1세대 가구 - 1인가구
2. 1세대 가구 - 부부
3. 1세대 가구 - 기타
4. 2세대 가구 - 부부+미혼자녀
5. 2세대 가구 - 편부모+미혼자녀
6. 2세대 가구 - 기타
7. 3세대 이상 가구
9. 모름, 무응답"
allowcnc,기초생활수급 여부1),"10. 수급경험 있음(과거 또는 현재)
20. 수급경험 없음
99. 모름, 무응답"
house,주택소유여부,"1. 아니오
2. 1채 있음
3. 2채 이상 있음
9. 모름, 무응답"
live_t,주택형태,"1. 단독주택
2. 아파트
3. 연립주택/다세대 주택
4. 기타
9. 모름, 무응답"
ainc_unit1,가구총소득(개방형): 소득단위,"1. 연
2. 월
9. 모름, 무응답"
ainc_1,가구총소득(개방형): 소득액,"만원
문항6-1=①인 경우
200. 연 200만원 이하
200초과 ~ 18000미만 (연속형 소득금액)
18000. 연 1억8천만원이상
문항6-1=②인 경우
17. 월 약17만원 이하
17초과 ~ 1500미만 (연속형 소득금액)
1500. 월 1,500만원 이상"
ainc,월평균 가구총소득1),"만원
17. 월 17만원 이하
17초과 ~ 1500미만 (연속형 소득금액)
1500. 월 1,500만원 이상"
marri_1,결혼여부,"1. 기혼
2. 미혼
9. 모름, 무응답"
marri_2,결혼상태,"1. 유배우자, 동거
2. 유배우자, 별거
3. 사별
4. 이혼
8. 응답거부
9. 모름
88. 비해당(문항10=②)
99. 무응답"
fam_rela,가구주와의 관계,"1. 본인
2. 배우자
3. 자녀
4. 자녀배우자
5. 손자녀
6. 부모
7. 조부모
8. 형제자매
9. 기타친척
10. 비혈연
99. 모름, 무응답"
tins,건강보험종류,"10. 국민건강보험(지역)
20. 국민건강보험(직장)
30. 의료급여
99. 미가입, 모름, 무응답"
npins,민간의료보험 가입여부,"1. 예
2. 아니오
9. 모름, 무응답"
ID_F,아버지 아이디,
ID_M,어머니 아이디,
D_1_1,주관적 건강인지,"1. 매우 좋음
2. 좋음
3. 보통
4. 나쁨
5. 매우 나쁨
9. 모름, 무응답"
D_2_1,최근2주간 몸이 불편했던 경험 유무,"1. 예
2. 아니오
9. 모름, 무응답"
D_2_wk,최근2주간 불편감일수,"일
88. 비해당(문항2=②)
99. 모름, 무응답"
DI1_dg,고혈압 의사진단 여부,"0. 없음
1. 있음
8. 비해당(소아, 청소년)
9. 모름, 무응답"
DI1_ag,고혈압 진단시기1),"세
0~79. 0~79세
80. 80세이상
888. 비해당
(소아, 청소년, 의사진단 받지 않음)
999. 모름, 무응답"
DI1_pr,고혈압 현재 유병 여부,"0. 없음
1. 있음
8. 비해당
(소아, 청소년, 의사진단 받지 않음)
9. 모름, 무응답"
DI1_pt,고혈압 치료,"0. 없음
1. 있음
8. 비해당
(소아, 청소년, 의사진단 받지 않음)
9. 모름, 무응답"
DI1_2,혈압조절제 복용,"1. 매일 복용함
2. 한달에 20일 이상 복용함
3. 한달에 15일 이상 복용함
4. 한달에 15일 미만 복용함
5. 복용하지 않음
8. 비해당
(소아, 청소년, 의사진단 받지 않음)
9. 모름, 무응답"
DI2_dg,이상지질혈증 의사진단 여부,"0. 없음
1. 있음
8. 비해당(소아, 청소년)
9. 모름, 무응답"
DI2_ag,이상지질혈증 진단시기1),"세
0~79. 0~79세
80. 80세이상
888. 비해당
(소아, 청소년, 의사진단 받지 않음)
999. 모름, 무응답"
DI2_pr,이상지질혈증 현재 유병 여부,"0. 없음
1. 있음
8. 비해당
(소아, 청소년, 의사진단 받지 않음)
9. 모름, 무응답"
DI2_pt,이상지질혈증 치료,"0. 없음
1. 있음
8. 비해당
(소아, 청소년, 의사진단 받지 않음)
9. 모름, 무응답"
DI2_2,이상지질혈증 약복용,"1. 매일 복용함
2. 한달에 20일 이상 복용함
3. 한달에 15일 이상 복용함
4. 한달에 15일 미만 복용함
5. 복용하지 않음
8. 비해당
(소아, 청소년, 의사진단 받지 않음)
9. 모름, 무응답"
DE1_dg,"당뇨병 의사진단 여부
※제3기(2005) 변수명: DE1_2","0. 없음
1. 있음
8. 비해당(소아, 청소년)
9. 모름, 무응답"
DE1_ag,당뇨병 진단시기1),"세
0~79. 0~79세
80. 80세이상
888. 비해당
(소아, 청소년, 의사진단 받지 않음)
999. 모름, 무응답"
DE1_pr,당뇨병 현재 유병 여부,"0. 없음
1. 있음
8. 비해당
(소아, 청소년, 의사진단 받지 않음)
9. 모름, 무응답"
DE1_pt,당뇨병 치료,"0. 없음
1. 있음
8. 비해당
(소아, 청소년, 의사진단 받지 않음)
9. 모름, 무응답"
DE1_3,당뇨병 혈당관리 치료여부,"1. 예
2. 아니오
8. 비해당
(소아, 청소년, 의사진단 받지 않음)
9. 모름, 무응답"
DE1_31,당뇨병 혈당관리 치료: 인슐린 주사,"0. 아니오
1. 예
8. 비해당(문항5-5=②⑧)
9. 모름, 무응답"
DE1_32,당뇨병 혈당관리 치료: 당뇨병약,"0. 아니오
1. 예
8. 비해당(문항5-5=②⑧)
9. 모름, 무응답"
DE1_33,당뇨병 혈당관리 치료: 비약물 요법,"0. 아니오
1. 예
8. 비해당(문항5-5=②⑧)
9. 모름, 무응답"
DE1_34,당뇨병 혈당관리 치료: 기타,"0. 아니오
1. 예
8. 비해당(문항5-5=②⑧)
9. 모름, 무응답"
DE1_35,당뇨병 혈당관리 치료: 기타상세,
DE1_4,안저검사,"1. 예
2. 아니오
8. 비해당
(소아, 청소년, 의사진단 받지 않음)
9. 모름, 무응답"
DN1_dg,콩팥병(신장질환) 의사진단 여부,"0. 없음
1. 있음
8. 비해당(소아, 청소년)
9. 모름, 무응답"
DN1_ag,콩팥병(신장질환) 진단시기2)3),"세
0~79. 0~79세
80. 80세이상
888. 비해당
(소아, 청소년, 의사진단 받지 않음)
999. 모름, 무응답"
DN1_pt,콩팥병(신장질환) 치료4),"0. 없음
1. 있음
8. 비해당
(소아, 청소년, 의사진단 받지 않음)
9. 모름, 무응답"
DI3_dg,뇌졸중 의사진단 여부,"0. 없음
1. 있음
8. 비해당(소아, 청소년)
9. 모름, 무응답"
DI3_ag,뇌졸중 진단시기2),"세
0~79. 0~79세
80. 80세이상
888. 비해당
(소아, 청소년, 의사진단 받지 않음)
999. 모름, 무응답"
DI3_2,뇌졸중 후유증,"1. 후유증을 앓고 있음
2. 후유증이 있었지만 지금은 회복되었음
3. 특별한 후유증이 없음
8. 비해당
(소아, 청소년, 의사진단 받지 않음)
9. 모름, 무응답"
DI4_dg,심근경색증 또는 협심증 의사진단 여부,"0. 없음
1. 있음
8. 비해당(소아, 청소년)
9. 모름, 무응답"
DI5_dg,심근경색증 의사진단 여부,"0. 없음
1. 있음
8. 비해당(소아, 청소년)
9. 모름, 무응답"
DI5_ag,심근경색증 진단시기1)2),"세
0~79. 0~79세
80. 80세이상
888. 비해당
(소아, 청소년, 의사진단 받지 않음)
999. 모름, 무응답"
DI6_dg,협심증 의사진단 여부,"0. 없음
1. 있음
8. 비해당(소아, 청소년)
9. 모름, 무응답"
DI6_ag,협심증 진단시기1)2),"세
0~79. 0~79세
80. 80세이상
888. 비해당
(소아, 청소년, 의사진단 받지 않음)
999. 모름, 무응답"
DJ2_dg,폐결핵 의사진단 여부,"0. 없음
1. 있음
8. 비해당(소아, 청소년)
9. 모름, 무응답"
DJ2_ag,폐결핵 진단시기1)2),"세
0~79. 0~79세
80. 80세이상
888. 비해당
(소아, 청소년, 의사진단 받지 않음)
999. 모름, 무응답"
DC01_dg,암 의사진단 여부,"0. 없음
1. 있음
8. 비해당(청소년, 소아)
9. 모름, 무응답"
DC01,암 종류,"1. 위암
2. 간암
3. 대장암
4. 유방암
5. 자궁경부암
6. 폐암
7. 갑상선암
8. 기타
9. 모름, 무응답
88. 비해당
(청소년, 소아, 의사진단 받지 않음)"
DC01_tp1,기타암 종류,
DC01_ag,암 진단시기1)2),"세
0~79. 0~79세
80. 80세이상
888. 비해당
(청소년, 소아, 의사진단 받지 않음)
999. 모름, 무응답"
DJ4_dg,천식 의사진단 여부,"0. 없음
1. 있음
8. 비해당(소아, 청소년)
※'22, '23년만 해당
9. 모름, 무응답"
DJ4_ag,천식 진단시기1),"세
0~79. 0~79세
80. 80세이상
888. 비해당
(소아, 청소년, 의사진단 받지 않음)
※'22, '23년만 해당
999. 모름, 무응답"
DJ4_3,천식 약복용,"1. 약복용 및 천식증상관리를 위해 정기적으로 치료를 받았다
2. 증상이 있을 때만 치료를 받았다
3. 치료받지 않았다
8. 비해당
(소아, 청소년, 의사진단 받지 않음)
※'22, '23년만 해당
9. 모름, 무응답"
DL1_dg,아토피피부염 의사진단 여부,"0. 없음
1. 있음
8. 비해당(소아, 청소년)
※'22, '23년만 해당
9. 모름, 무응답"
DL1_ag,아토피피부염 진단시기1),"세
0~79. 0~79세
80. 80세이상
888. 비해당(소아, 청소년, 의사진단 받지 않음)
※'22, '23년만 해당
999. 모름, 무응답"
DJ8_dg,알레르기비염 의사진단 여부,"0. 없음
1. 있음
8. 비해당(소아, 청소년)
※'22, '23년만 해당
9. 모름, 무응답"
DJ8_ag,알레르기비염 진단시기1),"세
0~79. 0~79세
80. 80세이상
888. 비해당(소아, 청소년, 의사진단 받지 않음)
※'22, '23년만 해당
999. 모름, 무응답"
DM4_dg,골다공증 의사진단 여부,"0. 없음
1. 있음
8. 비해당(소아, 청소년)
9. 모름, 무응답"
DM4_ag,골다공증 진단시기,"□□□ 세
0~79. 0~79세
80. 80세이상
888. 비해당
(소아, 청소년, 의사진단 받지 않음)
999. 모름, 무응답"
DM4_pt,골다공증 치료,"0. 없음
1. 있음
8. 비해당
(소아, 청소년, 의사진단 받지 않음)
9. 모름, 무응답"
DJ6_dg,부비동염 의사진단 여부,"0. 없음
1. 있음
8. 비해당(소아, 청소년)
9. 모름, 무응답"
DJ6_ag,부비동염 진단시기,"□□□ 세
0~79. 0~79세
80. 80세이상
888. 비해당
(소아, 청소년, 의사진단 받지 않음)
999. 모름, 무응답"
DH4_dg,중이염 의사진단 여부,"0. 없음
1. 있음
8. 비해당(소아, 청소년)
9. 모름, 무응답"
DH4_ag,중이염 진단시기,"□□□ 세
0~79. 0~79세
80. 80세이상
888. 비해당
(소아, 청소년, 의사진단 받지 않음)
999. 모름, 무응답"
BP17_dg,폐쇄성수면무호흡증 의사진단 여부,"0. 아니오
1. 예
8. 비해당(40세미만)
9. 모름, 무응답"
M_2_yr,필요 의료서비스 미충족 여부,"1. 예
2. 아니오
3. 병·의원 진료(검사 또는 치료)가 필요한 적이 없었다
9. 모름, 무응답"
M_2_rs,필요 의료서비스 미충족 사유,"1. 시간이 없어서(내가 원하는 시간에 문을 열지 않아서, 직장 등을 비울 수 없어서,
아이를 봐줄 사람이 없어서 등)
2. 증세가 가벼워서(시간이 지나면 좋아질 것 같아서)
3. 경제적인 이유(진료비가 부담되어서)
4. 교통편이 불편해서, 거리가 멀어서
5. 병·의원에서 오래 기다리기 싫어서
6. 병·의원 등에 예약을 하기가 힘들어서
7. 진료(검사 또는 치료) 받기가 무서워서
8. 기타
88. 비해당(문항1=2,3)
99. 모름, 무응답"
M_2_et,필요 의료서비스 미충족 사유: 기타상세,
mt_nontrt,연간미충족여부(병·의원),"0. 최근1년간 병·의원 (치과 제외) 진료(검사 또는 치료)가 필요하였을 때 받음
(문항1=2)
1. 최근1년간 병·의원 (치과 제외) 진료(검사 또는 치료)가 필요하였으나 받지 못함
(문항1=1)
[분자] 최근 1년 동안 본인이 병·의원(치과 제외)에 진료(검사 또는 치료)가
필요하였을 때 받지 못한다고 응답한 사람 수
[분모] 1세이상 최근 1년 동안 본인이 병·의원(치과 제외) 진료(검사 또는 치료)가
필요했던 사람 수"
M_HL_1,건강정보이해능력 문항1,"1. 전혀 그렇지 않다
2. 그렇지 않다
3. 그렇다
4. 매우 그렇다
8. 비해당(소아, 청소년)
9. 모름, 무응답"
M_HL_2,건강정보이해능력 문항2,"1. 전혀 그렇지 않다
2. 그렇지 않다
3. 그렇다
4. 매우 그렇다
8. 비해당(소아, 청소년)
9. 모름, 무응답"
M_HL_3,건강정보이해능력 문항3,"1. 전혀 그렇지 않다
2. 그렇지 않다
3. 그렇다
4. 매우 그렇다
8. 비해당(소아, 청소년)
9. 모름, 무응답"
M_HL_4,건강정보이해능력 문항4,"1. 전혀 그렇지 않다
2. 그렇지 않다
3. 그렇다
4. 매우 그렇다
8. 비해당(소아, 청소년)
9. 모름, 무응답"
M_HL_5,건강정보이해능력 문항5,"1. 전혀 그렇지 않다
2. 그렇지 않다
3. 그렇다
4. 매우 그렇다
8. 비해당(소아, 청소년)
9. 모름, 무응답"
M_HL_6,건강정보이해능력 문항6,"1. 전혀 그렇지 않다
2. 그렇지 않다
3. 그렇다
4. 매우 그렇다
8. 비해당(소아, 청소년)
9. 모름, 무응답"
M_HL_7,건강정보이해능력 문항7,"1. 전혀 그렇지 않다
2. 그렇지 않다
3. 그렇다
4. 매우 그렇다
8. 비해당(소아, 청소년)
9. 모름, 무응답"
M_HL_8,건강정보이해능력 문항8,"1. 전혀 그렇지 않다
2. 그렇지 않다
3. 그렇다
4. 매우 그렇다
8. 비해당(소아, 청소년)
9. 모름, 무응답"
M_HL_9,건강정보이해능력 문항9,"1. 전혀 그렇지 않다
2. 그렇지 않다
3. 그렇다
4. 매우 그렇다
8. 비해당(소아, 청소년)
9. 모름, 무응답"
M_HL_10,건강정보이해능력 문항10,"1. 전혀 그렇지 않다
2. 그렇지 않다
3. 그렇다
4. 매우 그렇다
8. 비해당(소아, 청소년)
9. 모름, 무응답"
M_HL_S,건강정보이해능력 점수,"건강정보이해능력 10항목 점수 합
(9(모름,무응답)은 1점으로 전환하여 계산)"
M_HL_11,건강정보이해능력 지식형,"1. 오답
2. 오답
3. 정답
4. 오답
8. 비해당(소아, 청소년)
9. 모름, 무응답"
BH9_11,인플루엔자(독감) 예방접종 여부,"1. 예
2. 아니오
9. 모름, 무응답"
BH1,2년간 건강검진 수진 여부,"1. 예
2. 아니오
8. 비해당(소아, 청소년)
9. 모름, 무응답"
BH2_61,2년간 암검진 여부,"1. 예
2. 아니오
8. 비해당(소아, 청소년)
9. 모름, 무응답"
LQ4_00,활동제한 여부,"1. 예
2. 아니오
8. 비해당(소아, 청소년)
9. 모름, 무응답"
LQ4_01,"활동제한 사유: 골절, 관절부상","0. 아니오
1. 예
8. 비해당(문항1=2, 소아, 청소년)
9. 모름, 무응답"
LQ4_02,활동제한 사유: 기타 손상,"0. 아니오
1. 예
8. 비해당(문항1=2, 소아, 청소년)
9. 모름, 무응답"
LQ4_03,"활동제한 사유: 관절염, 류마티즘","0. 아니오
1. 예
8. 비해당(문항1=2, 소아, 청소년)
9. 모름, 무응답"
LQ4_04,활동제한 사유: 심장질환,"0. 아니오
1. 예
8. 비해당(문항1=2, 소아, 청소년)
9. 모름, 무응답"
LQ4_05,"활동제한 사유: 호흡문제, 폐결핵, 천식","0. 아니오
1. 예
8. 비해당(문항1=2, 소아, 청소년)
9. 모름, 무응답"
LQ4_06,활동제한 사유: 뇌졸중,"0. 아니오
1. 예
8. 비해당(문항1=2, 소아, 청소년)
9. 모름, 무응답"
LQ4_07,활동제한 사유: 당뇨병,"0. 아니오
1. 예
8. 비해당(문항1=2, 소아, 청소년)
9. 모름, 무응답"
LQ4_08,활동제한 사유: 고혈압,"0. 아니오
1. 예
8. 비해당(문항1=2, 소아, 청소년)
9. 모름, 무응답"
LQ4_09,"활동제한 사유: 등, 목의 문제","0. 아니오
1. 예
8. 비해당(문항1=2, 소아, 청소년)
9. 모름, 무응답"
LQ4_10,활동제한 사유: 암1),"0. 아니오
1. 예
8. 비해당(문항1-②, 소아, 청소년)
9. 모름, 무응답"
LQ4_11,활동제한 사유: 치아 및 구강질환1),"0. 아니오
1. 예
8. 비해당(문항1-②, 소아, 청소년)
9. 모름, 무응답"
LQ4_12,활동제한 사유: 시력문제1),"0. 아니오
1. 예
8. 비해당(문항1-②, 소아, 청소년)
9. 모름, 무응답"
LQ4_13,활동제한 사유: 청각문제1),"0. 아니오
1. 예
8. 비해당(문항1-②, 소아, 청소년)
9. 모름, 무응답"
LQ4_14,활동제한 사유: 치매1),"0. 아니오
1. 예
8. 비해당(문항1-②, 소아, 청소년)
9. 모름, 무응답"
LQ4_15,활동제한 사유: 우울/불안/정서상 문제1),"0. 아니오
1. 예
8. 비해당(문항1-②, 소아, 청소년)
9. 모름, 무응답"
LQ4_16,활동제한 사유: 정신지체1),"0. 아니오
1. 예
8. 비해당(문항1-②, 소아, 청소년)
9. 모름, 무응답"
LQ4_21,활동제한 사유: 비만1),"0. 아니오
1. 예
8. 비해당(문항1-②, 소아, 청소년)
9. 모름, 무응답"
LQ4_22,활동제한 사유: 노령1),"0. 아니오
1. 예
8. 비해당(문항1-②, 소아, 청소년)
9. 모름, 무응답"
LQ4_25,활동제한 사유: 신부전1),"0. 아니오
1. 예
8. 비해당(문항1-②, 소아, 청소년)
9. 모름, 무응답"
LQ4_26,활동제한 사유: 어지럼증1),"0. 아니오
1. 예
8. 비해당(문항1-②, 소아, 청소년)
9. 모름, 무응답"
LQ4_27,활동제한 사유: 위장장애1),"0. 아니오
1. 예
8. 비해당(문항1-②, 소아, 청소년)
9. 모름, 무응답"
LQ4_28,"활동제한 사유: 무릎, 다리통증(관절염 제외)1)","0. 아니오
1. 예
8. 비해당(문항1-②, 소아, 청소년)
9. 모름, 무응답"
LQ4_29,활동제한 사유: 두통1),"0. 아니오
1. 예
8. 비해당(문항1-②, 소아, 청소년)
9. 모름, 무응답"
LQ4_23,활동제한 사유: 기타1),"0. 아니오
1. 예
8. 비해당(문항1-②, 소아, 청소년)
9. 모름, 무응답"
LQ4_24,활동제한 사유: 기타상세1),
LQ1_sb,최근 1달간 와병여부,"1. 예
2. 아니오
8. 비해당(소아, 청소년)
9. 모름, 무응답"
LQ1_mn,최근 1달간 와병일수,"□□일
88. 비해당(문항2-②)
99. 모름, 무응답"
LQ2_ab,최근 1달간 결근결석여부,"1. 예
2. 아니오
8. 비해당(직장 또는 학교에 다니지 않음, 소아)
9. 모름, 무응답"
LQ2_mn,최근 1달간 결근결석일수,"□□일
88. 비해당(문항3-②, 청소년)
99. 모름, 무응답"
LQ_1EQL,EuroQoL: 운동능력1),"1. 나는 걷는 데 지장이 없음
2. 나는 걷는 데 다소 지장이 있음
3. 나는 종일 누워 있어야 함
8. 비해당(소아, 청소년)
9. 모름, 무응답"
LQ_2EQL,EuroQoL: 자기관리1),"1. 나는 목욕을 하거나 옷을 입는 데 지장이 없음
2. 나는 목욕을 하거나 옷을 입는 데 다소 지장이 있음
3. 나는 혼자 목욕을 하거나 옷을 입을 수 없음
8. 비해당(소아, 청소년)
9. 모름, 무응답"
LQ_3EQL,EuroQoL: 일상활동1),"1. 나는 일상활동을 하는 데 지장이 없음
2. 나는 일상활동을 하는 데 다소 지장이 있음
3. 나는 일상활동을 할 수 없음
8. 비해당(소아, 청소년)
9. 모름, 무응답"
LQ_4EQL,EuroQoL: 통증/불편1),"1. 나는 통증/불편감이 없음
2. 나는 다소 통증/불편감이 있음
3. 나는 매우 심한 통증/불편감이 있음
8. 비해당(소아, 청소년)
9. 모름, 무응답"
LQ_5EQL,EuroQoL: 불안/우울1),"1. 나는 불안하거나 우울하지 않음
2. 나는 다소 불안하거나 우울함
3. 나는 매우 심하게 불안하거나 우울함
8. 비해당(소아, 청소년)
9. 모름, 무응답"
EQ5D,건강 관련 삶의 질 지수(EQ-5D)***1),
LQ_1HT,HINT-8: 계단오르기1),"1. 나는 계단을 오르는 데 어려움이 전혀 없었다
2. 나는 계단을 오르는 데 어려움이 약간 있었다
3. 나는 계단을 오르는 데 어려움이 많이 있었다
4. 나는 계단을 오를 수 없었다
8. 비해당(소아, 청소년)
9. 모름, 무응답"
LQ_2HT,HINT-8: 통증1),"1. 나는 전혀 통증이 없었다
2. 나는 약한 통증이 있었다
3. 나는 심한 통증이 있었다
4. 나는 극심한 통증이 있었다
8. 비해당(소아, 청소년)
9. 모름, 무응답"
LQ_3HT,HINT-8: 기운1),"1. 나는 항상 기운이 있었다
2. 나는 자주 기운이 있었다
3. 나는 가끔 기운이 있었다
4. 나는 전혀 기운이 없었다
8. 비해당(소아, 청소년)
9. 모름, 무응답"
LQ_4HT,HINT-8: 일하기1),"1. 나는 일을 하는 데 어려움이 전혀 없었다
2. 나는 일을 하는 데 어려움이 약간 있었다
3. 나는 일을 하는 데 어려움이 많이 있었다
4. 나는 일을 할 수 없었다
8. 비해당(소아, 청소년)
9. 모름, 무응답"
LQ_5HT,HINT-8: 우울1),"1. 나는 전혀 우울하지 않았다
2. 나는 가끔 우울했다
3. 나는 자주 우울했다
4. 나는 항상 우울했다
8. 비해당(소아, 청소년)
9. 모름, 무응답"
LQ_6HT,HINT-8: 기억1),"1. 나는 기억하는 데 어려움이 전혀 없었다
2. 나는 기억하는 데 어려움이 약간 있었다
3. 나는 기억하는 데 어려움이 많이 있었다
4. 나는 전혀 기억을 할 수 없었다
8. 비해당(소아, 청소년)
9. 모름, 무응답"
LQ_7HT,HINT-8: 잠자기1),"1. 나는 잠을 자는 데 어려움이 전혀 없었다
2. 나는 잠을 자는 데 어려움이 약간 있었다
3. 나는 잠을 자는 데 어려움이 많이 있었다
4. 나는 잠을 잘 수 없었다
8. 비해당(소아, 청소년)
9. 모름, 무응답"
LQ_8HT,HINT-8: 행복1),"1. 나는 항상 행복했다
2. 나는 자주 행복했다
3. 나는 가끔 행복했다
4. 나는 전혀 행복하지 않았다
8. 비해당(소아, 청소년)
9. 모름, 무응답"
LQ_LF1,노인생활기능척도 문항1),"0. 전혀 할 수 없다
1. 매우 어렵다
2. 중간 정도 어렵다
3. 약간 어렵다
4. 전혀 어렵지 않다
8. 비해당(65세미만)
9. 모름, 무응답"
LQ_LF2,노인생활기능척도 문항2),"0. 전혀 할 수 없다
1. 매우 어렵다
2. 중간 정도 어렵다
3. 약간 어렵다
4. 전혀 어렵지 않다
8. 비해당(65세미만)
9. 모름, 무응답"
LQ_LF3,노인생활기능척도 문항3),"0. 전혀 할 수 없다
1. 매우 어렵다
2. 중간 정도 어렵다
3. 약간 어렵다
4. 전혀 어렵지 않다
8. 비해당(65세미만)
9. 모름, 무응답"
LQ_LF4,노인생활기능척도 문항4),"0. 전혀 할 수 없다
1. 매우 어렵다
2. 중간 정도 어렵다
3. 약간 어렵다
4. 전혀 어렵지 않다
8. 비해당(65세미만)
9. 모름, 무응답"
LQ_LF5,노인생활기능척도 문항5),"0. 전혀 할 수 없다
1. 매우 어렵다
2. 중간 정도 어렵다
3. 약간 어렵다
4. 전혀 어렵지 않다
8. 비해당(65세미만)
9. 모름, 무응답"
LQ_LF6,노인생활기능척도 문항6),"0. 전혀 할 수 없다
1. 매우 어렵다
2. 중간 정도 어렵다
3. 약간 어렵다
4. 전혀 어렵지 않다
8. 비해당(65세미만)
9. 모름, 무응답"
LQ_LF7,노인생활기능척도 문항7),"0. 전혀 할 수 없다
1. 매우 어렵다
2. 중간 정도 어렵다
3. 약간 어렵다
4. 전혀 어렵지 않다
8. 비해당(65세미만)
9. 모름, 무응답"
LQ_LF8,노인생활기능척도 문항8),"0. 전혀 할 수 없다
1. 매우 어렵다
2. 중간 정도 어렵다
3. 약간 어렵다
4. 전혀 어렵지 않다
8. 비해당(65세미만)
9. 모름, 무응답"
LQ_LF9,노인생활기능척도 문항9),"0. 전혀 할 수 없다
1. 매우 어렵다
2. 중간 정도 어렵다
3. 약간 어렵다
4. 전혀 어렵지 않다
8. 비해당(65세미만)
9. 모름, 무응답"
LQ_LF10,노인생활기능척도 문항10),"0. 전혀 할 수 없다
1. 매우 어렵다
2. 중간 정도 어렵다
3. 약간 어렵다
4. 전혀 어렵지 않다
8. 비해당(65세미만)
9. 모름, 무응답"
LQ_LF_S,노인생활기능척도 점수1),노인생활기능척도 10항목 점수 합(100점 환산)
AC1_yr,1년간 손상 발생 여부,"1. 예
2. 아니오
9. 모름, 무응답"
AC3,손상 횟수,"□□개
88. 비해당(문항1-②)
99. 모름, 무응답"
AC3_1_01,손상1 발생시기: 년도,"□□□□년
9999. 모름, 무응답"
AC3_1_02,손상2 발생시기: 년도,"□□□□년
9999. 모름, 무응답"
AC3_1_03,손상3 발생시기: 년도,"□□□□년
9999. 모름, 무응답"
AC3_1_04,손상4 발생시기: 년도,"□□□□년
9999. 모름, 무응답"
AC3_1_05,손상5 발생시기: 년도,"□□□□년
9999. 모름, 무응답"
AC3_1_06,손상6 발생시기: 년도,"□□□□년
9999. 모름, 무응답"
AC3_2_01,손상1 발생시기: 월,"□□월
99. 모름, 무응답"
AC3_2_02,손상2 발생시기: 월,"□□월
99. 모름, 무응답"
AC3_2_03,손상3 발생시기: 월,"□□월
99. 모름, 무응답"
AC3_2_04,손상4 발생시기: 월,"□□월
99. 모름, 무응답"
AC3_2_05,손상5 발생시기: 월,"□□월
99. 모름, 무응답"
AC3_2_06,손상6 발생시기: 월,"□□월
99. 모름, 무응답"
AC8_1_01,손상1 치료,"1. 응급실
2. 병·의원 외래만 이용
3. 병·의원 병실입원
4. 기타
9. 모름, 무응답"
AC8_1_02,손상2 치료,"1. 응급실
2. 병·의원 외래만 이용
3. 병·의원 병실입원
4. 기타
9. 모름, 무응답"
AC8_1_03,손상3 치료,"1. 응급실
2. 병·의원 외래만 이용
3. 병·의원 병실입원
4. 기타
9. 모름, 무응답"
AC8_1_04,손상4 치료,"1. 응급실
2. 병·의원 외래만 이용
3. 병·의원 병실입원
4. 기타
9. 모름, 무응답"
AC8_1_05,손상5 치료,"1. 응급실
2. 병·의원 외래만 이용
3. 병·의원 병실입원
4. 기타
9. 모름, 무응답"
AC8_1_06,손상6 치료,"1. 응급실
2. 병·의원 외래만 이용
3. 병·의원 병실입원
4. 기타
9. 모름, 무응답"
AC8_1e_01,손상1 치료: 기타상세,
AC8_1e_02,손상2 치료: 기타상세,
AC8_1e_03,손상3 치료: 기타상세,
AC8_1e_04,손상4 치료: 기타상세,
AC8_1e_05,손상5 치료: 기타상세,
AC8_1e_06,손상6 치료: 기타상세,
AC8_2w_01,손상1 와병여부,"1. 예
2. 아니오
9. 모름, 무응답"
AC8_2w_02,손상2 와병여부,"1. 예
2. 아니오
9. 모름, 무응답"
AC8_2w_03,손상3 와병여부,"1. 예
2. 아니오
9. 모름, 무응답"
AC8_2w_04,손상4 와병여부,"1. 예
2. 아니오
9. 모름, 무응답"
AC8_2w_05,손상5 와병여부,"1. 예
2. 아니오
9. 모름, 무응답"
AC8_2w_06,손상6 와병여부,"1. 예
2. 아니오
9. 모름, 무응답"
AC8_2_01,손상1 와병일수,"□□□일
888. 비해당(문항4-②)
999. 모름, 무응답"
AC8_2_02,손상2 와병일수,"□□□일
888. 비해당(문항4-②)
999. 모름, 무응답"
AC8_2_03,손상3 와병일수,"□□□일
888. 비해당(문항4-②)
999. 모름, 무응답"
AC8_2_04,손상4 와병일수,"□□□일
888. 비해당(문항4-②)
999. 모름, 무응답"
AC8_2_05,손상5 와병일수,"□□□일
888. 비해당(문항4-②)
999. 모름, 무응답"
AC8_2_06,손상6 와병일수,"□□□일
888. 비해당(문항4-②)
999. 모름, 무응답"
AC8_3w_01,손상1 결석여부,"1. 예
2. 아니오
8. 직장이나 학교에 다니고 있지 않음
9. 모름, 무응답"
AC8_3w_02,손상2 결석여부,"1. 예
2. 아니오
8. 직장이나 학교에 다니고 있지 않음
9. 모름, 무응답"
AC8_3w_03,손상3 결석여부,"1. 예
2. 아니오
8. 직장이나 학교에 다니고 있지 않음
9. 모름, 무응답"
AC8_3w_04,손상4 결석여부,"1. 예
2. 아니오
8. 직장이나 학교에 다니고 있지 않음
9. 모름, 무응답"
AC8_3w_05,손상5 결석여부,"1. 예
2. 아니오
8. 직장이나 학교에 다니고 있지 않음
9. 모름, 무응답"
AC8_3w_06,손상6 결석여부,"1. 예
2. 아니오
8. 직장이나 학교에 다니고 있지 않음
9. 모름, 무응답"
AC8_3_01,손상1 결석일수,"□□□일
888. 비해당(문항5-②, ⑧)
999. 모름, 무응답"
AC8_3_02,손상2 결석일수,"□□□일
888. 비해당(문항5-②, ⑧)
999. 모름, 무응답"
AC8_3_03,손상3 결석일수,"□□□일
888. 비해당(문항5-②, ⑧)
999. 모름, 무응답"
AC8_3_04,손상4 결석일수,"□□□일
888. 비해당(문항5-②, ⑧)
999. 모름, 무응답"
AC8_3_05,손상5 결석일수,"□□□일
888. 비해당(문항5-②, ⑧)
999. 모름, 무응답"
AC8_3_06,손상6 결석일수,"□□□일
888. 비해당(문항5-②, ⑧)
999. 모름, 무응답"
ij_expr,"연간손상 경험률
[분자] 최근 1년 동안 병·의원 등에서 치료를 받아야 했던 사고나 중독을 경험한 자 수
[분모] 1세이상 대상자 수","0. 최근1년간 사고중독 발생 미경험자(문항1-②)
1. 최근1년간 사고중독 발생 경험자(문항1-①)"
MH1_yr,"1년간 입원이용 여부
※('98,'01)입원이용에 약국이용 포함","1. 예
2. 아니오
9. 모름, 무응답"
MH1_1,입원이용 횟수,"□□번
88. 비해당(문항1-②)
99. 모름, 무응답"
MO1_wk,"2주간 외래이용 여부
※('98,'01)입원이용에 약국이용 포함","1. 예
2. 아니오
9. 모름, 무응답"
MO1_1,외래이용 횟수,"□□번
88. 비해당(문항2-②)
99. 모름, 무응답"
educ,교육수준: 학력,"1. 서당/한학
2. 무학
3. 초등학교
4. 중학교
5. 고등학교
6. 2년/3년제 대학
7. 4년제 대학
8. 대학원
88. 비해당(소아)
99. 모름, 무응답"
graduat,교육수준: 졸업여부,"1. 졸업
2. 수료
3. 중퇴
4. 재학/휴학 중
8. 비해당(문항1-①②⑧)
9. 모름, 무응답"
EC_pedu_1,유년기환경: 아버지 교육수준,"1. 무학
2. 서당/한학
3. 초등학교 졸업 이하
4. 중학교 졸업 이하
5. 고등학교 졸업 이하
6. 2년/3년제 대학 졸업 이하
7. 4년제 대학 졸업 이하
8. 대학원 수료 이상
88. 비해당(19세미만, 65세이상)
99. 모름, 무응답"
EC_pedu_2,유년기환경: 어머니 교육수준,"1. 무학
2. 서당/한학
3. 초등학교 졸업 이하
4. 중학교 졸업 이하
5. 고등학교 졸업 이하
6. 2년/3년제 대학 졸업 이하
7. 4년제 대학 졸업 이하
8. 대학원 수료 이상
88. 비해당(19세미만, 65세이상)
99. 모름, 무응답"
CH2_1,교육수준: 학력,"1. 유치원/보육원/어린이집
2. 초등학교
3. 미취학/무학
8. 비해당(성인, 청소년)
9. 모름, 무응답"
CH2_2,교육이수: 졸업여부,"1. 졸업
2. 수료
3. 중퇴
4. 재학/휴학 중
8. 비해당(문항1-③⑧)
9. 모름, 무응답"
EC1_1,경제활동 상태,"1. 예(취업자)
2. 아니오(실업자, 비경제활동인구)
8. 비해당(15세미만)
9. 모름, 무응답"
EC_occp,"표준직업분류 대분류 코드
※제7차 개정","1. 관리자
2. 전문가 및 관련 종사자
3. 사무종사자
4. 서비스종사자
5. 판매종사자
6. 농림어업숙련종사자
7. 기능원 및 관련기능 종사자
8. 장치, 기계조작 및 조립종사자
9. 단순노무종사자
10. 군인
88. 비해당(문항1=2,8)
99. 모름, 무응답"
EC_stt_1,종사상지위,"1. 임금근로자
2. 고용원이 없는 자영업자
3. 고용원이 있는 자영업자
4. 무급가족종사자
8. 비해당(문항1=2,8)
9. 모름, 무응답"
EC_stt_2,종사상지위: 임금근로자 상세,"1. 상용직
2. 임시직
3. 일용직
8. 비해당(문항3=2,3,4,8)
9. 모름, 무응답"
EC_wht_0,정규직 여부,"1. 정규직
2. 비정규직
8. 비해당(문항3=2,3,4,8)
9. 모름, 무응답"
EC_wht_23,주당 평균 근로시간,"□□□시간
888. 비해당(최근 1년 동안 일을 하지 않음)
999. 모름, 무응답"
EC_wht_5,주/변형근로시간,"1. 주간 근무
2. 저녁 근무(pm14:00~24:00)
3. 밤 근무(pm21:00~익일 am8:00)
4. 주야간 규칙 교대 근무
5. 24시간 교대 근무
6. 분할 근무(하루 근무시간 2개 이상)
7. 불규칙 교대 근무
8. 기타
88. 비해당(최근 1년 동안 일을 하지 않음)
99. 모름, 무응답"
EC_wht_6,변형근로시간: 기타상세,
EC_lgw_2,"최장일자리: 표준직업분류 대분류 코드+실업/비경활 상태
*직업분류: 제7차 개정","1. 관리자
2. 전문가 및 관련 종사자
3. 사무종사자
4. 서비스종사자
5. 판매종사자
6. 농림어업숙련종사자
7. 기능원 및 관련기능 종사자
8. 장치, 기계조작 및 조립종사자
9. 단순노무종사자
10. 군인
88. 비해당(19세미만, 실업/비경활)
99. 모름, 무응답"
EC_lgw_4,최장일자리: 종사상지위,"1. 임금근로자
2. 고용원이 없는 자영업자
3. 고용원이 있는 자영업자
4. 무급가족종사자
8. 비해당(19세미만, 실업/비경활)
9. 모름, 무응답"
EC_lgw_5,최장일자리: 종사상지위 상세,"1. 상용직
2. 임시직
3. 일용직
8. 비해당(문항6=2,3,8)
9. 모름, 무응답"
BO1,주관적 체형인식,"1. 매우 마른 편
2. 약간 마른 편
3. 보통
4. 약간 비만
5. 매우 비만
8. 비해당(6세미만)
9. 모름, 무응답"
BO1_1,1년간 체중 변화 여부,"1. 변화 없음
2. 체중 감소
3. 체중 증가
8. 비해당(소아, 청소년)
9. 모름, 무응답"
BO1_2,1년간 체중 감소량,"1. 3kg 이상 - 6kg 미만
2. 6kg 이상 - 10kg 미만
3. 10kg 이상
8. 비해당(문항2=1,3,8)
9. 모름, 무응답"
BO1_3,1년간 체중 증가량,"1. 3kg 이상 - 6kg 미만
2. 6kg 이상 - 10kg 미만
3. 10kg 이상
8. 비해당(문항2=1,2,8)
9. 모름, 무응답"
BO2_1,1년간 체중 조절 여부,"1. 체중 감소 노력
2. 체중 유지 노력
3. 체중 증가 노력
4. 체중 조절 노력한 적 없음
8. 비해당(6세미만)
9. 모름, 무응답"
BO3_01,체중조절방법: 운동1),"1. 예
2. 아니오
8. 비해당(문항3=3,4,8)
9. 모름, 무응답"
BO3_02,체중조절방법: 단식(24시간이상)1),"1. 예
2. 아니오
8. 비해당(문항3=3,4,8)
9. 모름, 무응답"
BO3_03,체중조절방법: 식사량 감소1),"1. 예
2. 아니오
8. 비해당(문항3=3,4,8)
9. 모름, 무응답"
BO3_14,체중조절방법: 결식(식사를 거름)1),"1. 예
2. 아니오
8. 비해당(문항3=3,4,8)
9. 모름, 무응답"
BO3_05,체중조절방법: 임의 체중감량제1),"1. 예
2. 아니오
8. 비해당(문항3=3,4,8)
9. 모름, 무응답"
BO3_04,체중조절방법: 처방된 체중감량제1),"1. 예
2. 아니오
8. 비해당(문항3=3,4,8)
9. 모름, 무응답"
BO3_12,체중조절방법: 한약복용1),"1. 예
2. 아니오
8. 비해당(문항3=3,4,8)
9. 모름, 무응답"
BO3_07,체중조절방법: 건강기능식품1),"1. 예
2. 아니오
8. 비해당(문항3=3,4,8)
9. 모름, 무응답"
BO3_09,체중조절방법: 원푸드다이어트1),"1. 예
2. 아니오
8. 비해당(문항3=3,4,8)
9. 모름, 무응답"
BO3_10,체중조절방법: 기타1),"1. 예
2. 아니오
8. 비해당(문항3=3,4,8)
9. 모름, 무응답"
BO3_11,체중조절방법: 기타상세1),
BD1,평생음주경험,"1. 술을 마셔 본 적 없음
2. 있음
8. 비해당(소아)
9. 모름, 무응답"
BD2,음주 시작 연령1),"□□□세
0~79. 0~79세
80. 80세이상
888. 비해당(문항1=1,8)
999. 모름, 무응답"
BD1_11,1년간 음주빈도,"1. 최근 1년간 전혀 마시지 않았다
2. 월1회미만
3. 월1회정도
4. 월2-4회
5. 주2-3회정도
6. 주4회이상
8. 비해당(문항1=1,8)
9. 모름, 무응답"
BD2_1,한 번에 마시는 음주량,"1. 1-2잔
2. 3-4잔
3. 5-6잔
4. 7-9잔
5. 10잔 이상
8. 비해당(문항2-1=1,8)
9. 모름, 무응답"
BD2_14,한 번에 마시는 음주량(잔),"□□□잔
888. 비해당(문항2-2=1,2,3,4,8)
999. 모름, 무응답"
BD2_31,폭음 빈도,"1. 전혀 없음
2. 월1회미만
3. 월1회정도
4. 주1회정도
5. 거의매일
8. 비해당(문항2-1=1,8)
9. 모름, 무응답"
BD2_32,여자 폭음 빈도,"1. 전혀 없음
2. 월1회미만
3. 월1회정도
4. 주1회정도
5. 거의매일
8. 비해당(문항2-1=1,8, 남자, 소아, 청소년)
9. 모름, 무응답"
BD7_4,가족/의사의 절주 권고 여부,"1. 없었다
2. 과거에는 있었지만 최근1년 동안에는 없었다
3. 최근 1년 동안에 그런 적이 있었다
8. 비해당(문항1=1, 소아, 청소년)
9. 모름, 무응답"
BD7_5,"(성인)
1년간 음주문제 상담 여부","1. 예
2. 아니오
8. 비해당(소아, 청소년)
9. 모름, 무응답"
BD7_61,1년간 타인의 음주로 인한 피해 여부: 소란,"0. 아니오
1. 예
8. 비해당(소아)
9. 모름, 무응답"
BD7_62,1년간 타인의 음주로 인한 피해 여부: 폭행,"0. 아니오
1. 예
8. 비해당(소아)
9. 모름, 무응답"
BD7_63,1년간 타인의 음주로 인한 피해 여부: 성추행,"0. 아니오
1. 예
8. 비해당(소아)
9. 모름, 무응답"
BD7_64,1년간 타인의 음주로 인한 피해 여부: 작업 또는 일상생활 중 사고,"0. 아니오
1. 예
8. 비해당(소아)
9. 모름, 무응답"
BD7_65,1년간 타인의 음주로 인한 피해 여부: 음주운전 사고,"0. 아니오
1. 예
8. 비해당(소아)
9. 모름, 무응답"
BD7_66,1년간 타인의 음주로 인한 피해 여부: 기타,"0. 아니오
1. 예
8. 비해당(소아)
9. 모름, 무응답"
BD7_67,1년간 타인의 음주로 인한 피해 여부: 기타상세,
dr_month,월간음주율,"0. 평생비음주, 최근1년간 월1회미만 음주
1. 최근 1년간 월1회이상 음주(문항1=2, 문항2-1=3,4,5,6)
[분자] 최근 1년 동안 한달에 1회 이상 술을 마신 적이 있다고 응답한 사람 수
[분모] 12세이상 대상자 수"
BA2_12,운전시 안전벨트 착용여부,"1. 전혀 매지 않는다
2. 거의 매지 않는 편이다
3. 가끔 매는 편이다
4. 대체로 매는 편이다
5. 항상 맨다
8. 비해당(운전안함, 소아, 청소년)
9. 모름, 무응답"
BA2_13,자동차 앞좌석 안전벨트 착용여부,"1. 전혀 매지 않는다
2. 거의 매지 않는 편이다
3. 가끔 매는 편이다
4. 대체로 매는 편이다
5. 항상 맨다
8. 비해당(자동차 앞좌석 탄 적 없음, 소아, 청소년)
9. 모름, 무응답"
BA2_14,자동차 뒷좌석 안전벨트 착용여부,"1. 전혀 매지 않는다
2. 거의 매지 않는 편이다
3. 가끔 매는 편이다
4. 대체로 매는 편이다
5. 항상 맨다
8. 비해당(자동차 뒷좌석 탄 적 없음, 소아, 청소년)
9. 모름, 무응답"
BA2_2_1,1년간 음주운전 여부: 자전거,"1. 예
2. 아니오
8. 비해당(운전하지 않음, 소아, 청소년)
9. 모름, 무응답"
BA2_2_2,1년간 음주운전 횟수: 자전거,"□□□회
888. 비해당(문항4-1=2,8)
999. 모름, 무응답"
BA2_2_3,1년간 음주운전 여부: 오토바이,"1. 예
2. 아니오
8. 비해당(운전하지 않음, 소아, 청소년)
9. 모름, 무응답"
BA2_2_4,1년간 음주운전 횟수: 오토바이,"□□□회
888. 비해당(문항4-2=2,8)
999. 모름, 무응답"
BA2_2_5,1년간 음주운전 여부: 자동차,"1. 예
2. 아니오
8. 비해당(운전하지 않음, 소아, 청소년)
9. 모름, 무응답"
BA2_2_6,1년간 음주운전 횟수: 자동차,"□□□회
888. 비해당(문항4-3=2,8)
999. 모름, 무응답"
BA2_22,1년간 음주운전차량: 동승 횟수,"1. 없음
2. 1번
3. 2-3번
4. 4-5번
5. 6번 이상
8. 비해당(소아, 청소년)
9. 모름, 무응답"
BA1_1,자동차 앞좌석 이용 여부,"1. 항상 앉는다
2. 자주 앉는다
3. 가끔 앉는다
4. 거의 앉지 않는다
5. 전혀 앉지 않는다
6. 자동차에 타본 적이 거의 없다
8. 비해당(성인, 청소년)
9. 모름, 무응답"
BA1_3,자전거 헬멧 이용 여부,"1. 항상 착용 한다
2. 자주 착용 한다
3. 가끔 착용 한다
4. 거의 착용하지 않는다
5. 전혀 착용하지 않는다
8. 비해당(자전거를 타지 않음, 성인, 청소년)
9. 모름, 무응답"
BA1_2,자동차 보호장구 이용 여부,"1. 항상 사용 한다
2. 자주 사용 한다
3. 가끔 사용 한다
4. 거의 사용하지 않는다
5. 전혀 사용하지 않는다
6. 자동차에 태우지 않는다
8. 비해당(6세이상)
9. 모름, 무응답"
sc_seatblt,운전 시 안전벨트 착용률,"0. 안전벨트 항상 착용하지 않음(문항1=2,3,4)
1. 안전벨트 항상 착용함(문항1=5)
[분자] 운전자 중 운전 시 안전벨트를 항상 착용한다고 응답한 사람 수
[분모] 19세이상 운전자 수"
sc_seatblt2,동승차량 앞좌석 안전벨트 착용률,"0. 조수석 탑승시 안전벨트 항상 착용하지 않음(문항2=1,2,3,4)
1. 조수석 탑승시 안전벨트 항상 착용(문항2=5)
[분자] 다른 사람이 운전하는 자동차(택시 포함)의 앞좌석 탑승 경험 중 안전벨트를 항상 착용한다고 응답한 사람 수
[분모] 19세이상 동승차량앞좌석 탑승 경험자 수"
sc_seatblt3,동승차량 뒷좌석 안전벨트 착용률,"0. 뒷좌석 탑승시 안전벨트 항상 착용하지 않음(문항3=1,2,3,4)
1. 뒷좌석 탑승시 안전벨트 항상 착용(문항3=5)
[분자] 다른 사람이 운전하는 자동차(택시 포함)의 뒷좌석 탑승 경험 중 안전벨트를 항상 착용한다고 응답한 사람 수
[분모] 19세이상 동승차량뒷좌석 탑승 경험자 수"
BP16_1,"(12세이상)
주중(또는 일하는 날) 하루 평균 수면 시간1)","□□시간
88. 비해당(소아)
99. 모름, 무응답"
BP16_2,"(12세이상)
주말(또는 일하지 않는 날, 일하지 않는 청년) 하루 평균 수면 시간1)","□□시간
88. 비해당(소아)
99. 모름, 무응답"
BP16_11,(12세이상) 주중 잠자리에 든 시각_시2),"□□시
88. 비해당(소아)
99. 모름, 무응답"
BP16_12,(12세이상) 주중 잠자리에 든 시각_분2),"□□분
88. 비해당(소아)
99. 모름, 무응답"
BP16_13,(12세이상) 주중 일어난 시각_시2),"□□시
88. 비해당(소아)
99. 모름, 무응답"
BP16_14,(12세이상) 주중 일어난 시각_분2),"□□분
88. 비해당(소아)
99. 모름, 무응답"
BP16_21,(12세이상) 주말 잠자리에 든 시각_시2),"□□시
88. 비해당(소아)
99. 모름, 무응답"
BP16_22,(12세이상) 주말 잠자리에 든 시각_분2),"□□분
88. 비해당(소아)
99. 모름, 무응답"
BP16_23,(12세이상) 주말 일어난 시각_시2),"□□시
88. 비해당(소아)
99. 모름, 무응답"
BP16_24,(12세이상) 주말 일어난 시각_분2),"□□분
88. 비해당(소아)
99. 모름, 무응답"
BP17_2,"(40세이상)
폐쇄성수면무호흡증 위험요인: 코골이1)","1. 예
2. 아니오
8. 비해당(40세미만)
9. 모름, 무응답"
BP17_3,"(40세이상)
폐쇄성수면무호흡증 위험요인: 피곤함1)","1. 예
2. 아니오
8. 비해당(40세미만)
9. 모름, 무응답"
BP17_4,"(40세이상)
폐쇄성수면무호흡증 위험요인: 목격자1)","1. 예
2. 아니오
8. 비해당(40세미만)
9. 모름, 무응답"
BP_PHQ_1,PHQ-9 문항1),"0. 전혀 아니다
1. 여러 날 동안
2. 일주일 이상
3. 거의 매일
8. 비해당(소아, 청소년)
9. 모름, 무응답"
BP_PHQ_2,PHQ-9 문항2),"0. 전혀 아니다
1. 여러 날 동안
2. 일주일 이상
3. 거의 매일
8. 비해당(소아, 청소년)
9. 모름, 무응답"
BP_PHQ_3,PHQ-9 문항3),"0. 전혀 아니다
1. 여러 날 동안
2. 일주일 이상
3. 거의 매일
8. 비해당(소아, 청소년)
9. 모름, 무응답"
BP_PHQ_4,PHQ-9 문항4),"0. 전혀 아니다
1. 여러 날 동안
2. 일주일 이상
3. 거의 매일
8. 비해당(소아, 청소년)
9. 모름, 무응답"
BP_PHQ_5,PHQ-9 문항5),"0. 전혀 아니다
1. 여러 날 동안
2. 일주일 이상
3. 거의 매일
8. 비해당(소아, 청소년)
9. 모름, 무응답"
BP_PHQ_6,PHQ-9 문항6),"0. 전혀 아니다
1. 여러 날 동안
2. 일주일 이상
3. 거의 매일
8. 비해당(소아, 청소년)
9. 모름, 무응답"
BP_PHQ_7,PHQ-9 문항7),"0. 전혀 아니다
1. 여러 날 동안
2. 일주일 이상
3. 거의 매일
8. 비해당(소아, 청소년)
9. 모름, 무응답"
BP_PHQ_8,PHQ-9 문항8),"0. 전혀 아니다
1. 여러 날 동안
2. 일주일 이상
3. 거의 매일
8. 비해당(소아, 청소년)
9. 모름, 무응답"
BP_PHQ_9,PHQ-9 문항9),"0. 전혀 아니다
1. 여러 날 동안
2. 일주일 이상
3. 거의 매일
8. 비해당(소아, 청소년)
9. 모름, 무응답"
mh_PHQ_S,PHQ-9 점수1),우울증선별도구 영향 점수 합
BP_GAD_1,GAD-7 문항1,"0. 전혀 방해받지 않았다
1. 며칠 동안 방해받았다
2. 7일 이상 방해받았다
3. 거의 매일 방해받았다
8. 비해당(소아, 청소년)
9. 모름, 무응답"
BP_GAD_2,GAD-7 문항2,"0. 전혀 방해받지 않았다
1. 며칠 동안 방해받았다
2. 7일 이상 방해받았다
3. 거의 매일 방해받았다
8. 비해당(소아, 청소년)
9. 모름, 무응답"
BP_GAD_3,GAD-7 문항3,"0. 전혀 방해받지 않았다
1. 며칠 동안 방해받았다
2. 7일 이상 방해받았다
3. 거의 매일 방해받았다
8. 비해당(소아, 청소년)
9. 모름, 무응답"
BP_GAD_4,GAD-7 문항4,"0. 전혀 방해받지 않았다
1. 며칠 동안 방해받았다
2. 7일 이상 방해받았다
3. 거의 매일 방해받았다
8. 비해당(소아, 청소년)
9. 모름, 무응답"
BP_GAD_5,GAD-7 문항5,"0. 전혀 방해받지 않았다
1. 며칠 동안 방해받았다
2. 7일 이상 방해받았다
3. 거의 매일 방해받았다
8. 비해당(소아, 청소년)
9. 모름, 무응답"
BP_GAD_6,GAD-7 문항6,"0. 전혀 방해받지 않았다
1. 며칠 동안 방해받았다
2. 7일 이상 방해받았다
3. 거의 매일 방해받았다
8. 비해당(소아, 청소년)
9. 모름, 무응답"
BP_GAD_7,GAD-7 문항7,"0. 전혀 방해받지 않았다
1. 며칠 동안 방해받았다
2. 7일 이상 방해받았다
3. 거의 매일 방해받았다
8. 비해당(소아, 청소년)
9. 모름, 무응답"
mh_GAD_S,GAD-7 점수,범불안장애 선별도구 7항목 점수 합
BP1,평소 스트레스 인지 정도,"1. 대단히 많이 느낀다
2. 많이 느끼는 편이다
3. 조금 느끼는 편이다
4. 거의 느끼지 않는다
8. 비해당(소아)
9. 모름, 무응답"
BP2,스트레스 원인1),"1. 경제문제
2. 직장생활(직장 내 대인관계포함)
3. 부모자녀문제(형제 친척 고부간 관계 포함)
4. 배우자 문제
5. 생활환경문제(주거 등)
6. 취업문제(진로)
7. 본인의 건강문제
8. 가족의 건강문제
9. 기타
88. 비해당(문항4=4, 소아, 청소년)
99. 모름, 무응답"
BP2_2,스트레스 원인: 기타상세1),
BP5,2주이상 연속 우울감 여부,"1. 예
2. 아니오
8. 비해당(소아)
※'22, '24년: 비해당(성인, 소아)
9. 모름, 무응답"
BP6_10,1년간 자살 생각 여부,"1. 예
2. 아니오
8. 비해당(소아)
※'24년: 비해당(성인, 소아)
9. 모름, 무응답"
BP6_2,1년간 자살 계획 여부,"1. 예
2. 아니오
8. 비해당(소아)
9. 모름, 무응답"
BP6_31,1년간 자살 시도 여부,"1. 예
2. 아니오
8. 비해당(소아)
9. 모름, 무응답"
BP7,1년간 정신건강 상담,"1. 예
2. 아니오
8. 비해당(소아)
9. 모름, 무응답"
mh_stress,스트레스 인지율,"0. 스트레스 적게 느낌(문항1=3,4)
1. 스트레스 많이 느낌(문항1=1,2)
[분자] 평소 일상생활 중에 스트레스를 '대단히 많이' 또는 '많이' 느끼는 편이라고 응답한 사람 수
[분모] 12세이상 대상자 수"
BS1_1,평생 일반담배(궐련) 흡연 여부,"1. 5갑(100개비) 미만
2. 5갑(100개비) 이상
3. 피운 적 없음
8. 비해당(소아, 청소년)
9. 모름, 무응답"
BS2_1,흡연 일반담배(궐련) 시작연령1),"□□□세
0~79. 0~79세
80. 80세이상
888. 비해당(문항1=3,8)
999. 모름, 무응답"
BS2_2,"매일 일반담배(궐련) 시작연령1,2)","□□□세
0~79. 0~79세
80. 80세이상
888. 비해당(문항1=3,8)
999. 모름, 무응답"
BS3_1,현재 일반담배(궐련) 흡연 여부,"1. 매일피움
2. 가끔피움
3. 과거엔 피웠으나, 현재 피우지 않음
8. 비해당(문항1=3,8)
9. 모름, 무응답"
BS3_2,하루평균 일반담배(궐련) 흡연량,"□□□개비
888. 비해당(문항3=3,8)
999. 모름, 무응답"
BS3_3,가끔흡연자 최근 1달간 일반담배(궐련) 흡연일수,"□□일
88. 비해당(문항3=1,3,8)
99. 모름, 무응답"
BS6_2,과거흡연자 일반담배(궐련) 흡연기간(월 환산),"□□□□개월
8888. 비해당(문항3=1,2,8)
9999. 모름, 무응답"
BS6_2_1,과거흡연자 일반담배(궐련) 흡연기간(연),"□□년
88. 비해당(문항3=1,2,8)
99. 모름, 무응답"
BS6_2_2,과거흡연자 일반담배(궐련) 흡연기간(월),"□□개월
88. 비해당(문항3=1,2,8)
99. 모름, 무응답"
BS6_3,과거흡연자 하루평균 일반담배(궐련) 흡연량,"□□□개비
888. 비해당(문항3=1,2,8)
999. 모름, 무응답"
BS6_4,과거흡연자 일반담배(궐련) 금연기간(월 환산),"□□□□개월
8888. 비해당(문항3=1,2,8)
9999. 모름, 무응답"
BS6_4_1,과거흡연자 일반담배(궐련) 금연기간(연),"□□년
88. 비해당(문항3=1,2,8)
99. 모름, 무응답"
BS6_4_2,과거흡연자 일반담배(궐련) 금연기간(월),"□□개월
88. 비해당(문항3=1,2,8)
99. 모름, 무응답"
BS12_37,궐련형 전자담배 평생사용여부,"1. 예
2. 아니오
8. 비해당(소아, 청소년)
9. 모름, 무응답"
BS12_47,궐련형 전자담배 현재사용여부,"1. 매일피움
2. 가끔피움
3. 과거엔 피웠으나, 현재 피우지 않음
8. 비해당(문항4=2,8)
9. 모름, 무응답"
BS12_47_1,궐련형 전자담배 흡연자 하루평균 흡연량,"□□□개비
888. 비해당(문항4-1=3,8)
999. 모름, 무응답"
BS12_47_2,가끔 궐련형 전자담배 흡연자 최근 1달간 흡연일수,"□□일
88. 비해당(문항4-1=1,3,8)
99. 모름, 무응답"
BS12_47_4,궐련형 전자담배 사용이유1),"1. 담배보다 덜 해로울 것 같아서
2. 금연하는데 도움이 될 것 같아서
3. 실내에서도 피울 수 있어서
4. 담배냄새가 나지 않아서
5. 가족 등 타인에게 간접흡연 피해가 적을 것 같아서
6. 내가 흡연자인 것을 숨길 수 있어서
7. 담뱃재가 남지 않아서
8. 호기심으로
9. 기타
88. 비해당
99. 모름, 무응답"
BS12_47_5,궐련형 전자담배 사용이유: 기타상세1),
BS12_1,액상형 전자담배 평생사용여부,"1. 예
2. 아니오
8. 비해당(소아, 청소년)
9. 모름, 무응답"
BS12_2,액상형 전자담배 현재사용여부,"1. 예
2. 아니오
8. 비해당(문항5=2,8)
9. 모름, 무응답"
BS12_31,평생사용담배종류: 머금는 담배,"0. 아니오
1. 예
8. 비해당(소아, 청소년)
9. 모름, 무응답"
BS12_32,평생사용담배종류: 물담배,"0. 아니오
1. 예
8. 비해당(소아, 청소년)
9. 모름, 무응답"
BS12_33,평생사용담배종류: 시가,"0. 아니오
1. 예
8. 비해당(소아, 청소년)
9. 모름, 무응답"
BS12_34,평생사용담배종류: 기타,"0. 아니오
1. 예
8. 비해당(소아, 청소년)
9. 모름, 무응답"
BS12_35,평생사용담배종류: 기타상세,
BS12_36,평생사용담배종류: 피운 적 없음,"0. 아니오
1. 예
8. 비해당(소아, 청소년)
9. 모름, 무응답"
BS12_41,현재사용담배종류: 머금는 담배,"0. 아니오
1. 예
8. 비해당(소아, 청소년, 평생 피운적 없음)
9. 모름, 무응답"
BS12_42,현재사용담배종류: 물담배,"0. 아니오
1. 예
8. 비해당(소아, 청소년, 평생 피운적 없음)
9. 모름, 무응답"
BS12_43,현재사용담배종류: 시가,"0. 아니오
1. 예
8. 비해당(소아, 청소년, 평생 피운적 없음)
9. 모름, 무응답"
BS12_44,현재사용담배종류: 기타,"0. 아니오
1. 예
8. 비해당(소아, 청소년, 평생 피운적 없음)
9. 모름, 무응답"
BS12_45,현재사용담배종류: 기타상세,
BS12_46,현재사용담배종류: 피운 적 없음,"0. 아니오
1. 예
8. 비해당(소아, 청소년, 평생 피운적 없음)
9. 모름, 무응답"
BS5_4,니코틴의존1),"1. 5분 이내
2. 6~30분 이내
3. 31분~1시간 이내
4. 1시간 이상
8. 비해당(평생 담배제품 미사용자 또는 현재 모든 담배제품 비사용자)
9. 모름, 무응답"
BS5,1년간 하루이상 금연 여부,"1. 예
2. 아니오
8. 비해당(평생 담배제품 미사용자)
9. 모름, 무응답"
BS5_1,1개월내 금연계획,"1. 1개월내 금연할 계획이 있음
2. 6개월내 금연할 계획이 있음
3. 6개월내 아니지만 언젠가 금연생각 있음
4. 현재 전혀 금연 생각 없음
8. 비해당(평생 담배제품 미사용자)
9. 모름, 무응답"
BS5_21,금연방법: 의지로1),"0. 아니오
1. 예
8. 비해당(금연을 시도한 적 없음, 평생 담배제품 미사용자)
9. 모름, 무응답"
BS5_28,금연방법: 금연상담전화(금연콜센터)1),"0. 아니오
1. 예
8. 비해당(금연을 시도한 적 없음, 평생 담배제품 미사용자)
9. 모름, 무응답"
BS5_26,금연방법: 보건소 금연클리닉1),"0. 아니오
1. 예
8. 비해당(금연을 시도한 적 없음, 평생 담배제품 미사용자)
9. 모름, 무응답"
BS5_33,금연방법: 약국에서 본인 스스로 니코틴 대체용품 구입1),"0. 아니오
1. 예
8. 비해당(금연을 시도한 적 없음, 평생 담배제품 미사용자)
9. 모름, 무응답"
BS5_34,금연방법: 병·의원을 통해 니코틴 대체용품 구입1),"0. 아니오
1. 예
8. 비해당(금연을 시도한 적 없음, 평생 담배제품 미사용자)
9. 모름, 무응답"
BS5_32,"금연방법: 인터넷, 금연길라잡이1)","0. 아니오
1. 예
8. 비해당(금연을 시도한 적 없음, 평생 담배제품 미사용자)
9. 모름, 무응답"
BS5_29,금연방법: 기타1),"0. 아니오
1. 예
8. 비해당(금연을 시도한 적 없음, 평생 담배제품 미사용자)
9. 모름, 무응답"
BS5_30,금연 시도한 적 없음1),"0. 아니오
1. 예
8. 비해당(금연을 시도한 적 없음, 평생 담배제품 미사용자)
9. 모름, 무응답"
BS5_31,금연방법: 기타상세1),
BS8_2,직장실내 간접흡연 노출 여부,"1. 예
2. 아니오
8. 비해당(직장에 다니지 않음, 소아, 청소년)
9. 모름, 무응답"
BS9_2,가정실내 간접흡연 노출 여부,"1. 예
2. 아니오
본인을 제외한 가족 중 가정의 실내에서 일상적으로 담배를 피우는 사람 없음
8. 비해당(소아, 청소년)
9. 모름, 무응답"
BS13,공공장소실내 간접흡연 노출 여부,"1. 예
2. 아니오
8. 비해당(소아, 청소년)
9. 모름, 무응답"
BS10_1,일반담배(궐련) 한두 모금 피운 경험,"1. 지금까지 없음
2. 있음
8. 비해당(성인, 소아)
9. 모름, 무응답"
BS2,일반담배(궐련) 한두 모금 피운 연령,"□□□세
888. 비해당(문항1=1,8)
999. 모름, 무응답"
BS10_2,1달간 흡연일수,"□□일
88. 비해당(최근 1달동안 피운 적이 없다, 문항1=1,8)
99. 모름, 무응답"
BS10_3,1달간 하루흡연량,"□□□개비
888. 비해당(최근 1달동안 피운 적이 없다, 문항1=1)
999. 모름, 무응답"
sm_present,현재흡연율,"0. 과거 흡연, 비흡연
1. 현재흡연(문항1=2, 문항3=1,2)
[분자] 평생 일반담배(궐련) 5갑(100개비) 이상 피웠고 현재 일반담배(궐련)를 피우는 사람 수
[분모] 19세이상 대상자 수"
BE3_71,고강도 신체활동 여부: 일,"1. 예
2. 아니오
8. 비해당(소아, 청소년)
9. 모름, 무응답"
BE3_72,고강도 신체활동 일수: 일,"□일
8. 비해당(문항1-1=2,8)
9. 모름, 무응답"
BE3_73,고강도 신체활동 시간(시간): 일,"□□시간
88. 비해당(문항1-1=2,8)
99. 모름, 무응답"
BE3_74,고강도 신체활동 시간(분): 일,"□□분
88. 비해당(문항1-1=2,8)
99. 모름, 무응답"
BE3_81,중강도 신체활동 여부: 일,"1. 예
2. 아니오
8. 비해당(소아, 청소년)
9. 모름, 무응답"
BE3_82,중강도 신체활동 일수: 일,"□일
8. 비해당(문항1-4=2,8)
9. 모름, 무응답"
BE3_83,중강도 신체활동 시간(시간): 일,"□□시간
88. 비해당(문항1-4=2,8)
99. 모름, 무응답"
BE3_84,중강도 신체활동 시간(분): 일,"□□분
88. 비해당(문항1-4=2,8)
99. 모름, 무응답"
BE3_91,신체활동 여부: 장소이동,"1. 예
2. 아니오
8. 비해당(소아, 청소년)
9. 모름, 무응답"
BE3_92,신체활동 일수: 장소이동,"□일
8. 비해당(문항2-1=2,8)
9. 모름, 무응답"
BE3_93,신체활동 시간(시간): 장소이동,"□□시간
88. 비해당(문항2-1=2,8)
99. 모름, 무응답"
BE3_94,신체활동 시간(분): 장소이동,"□□분
88. 비해당(문항2-1=2,8)
99. 모름, 무응답"
BE3_75,고강도 신체활동 여부: 여가,"1. 예
2. 아니오
8. 비해당(소아, 청소년)
9. 모름, 무응답"
BE3_76,고강도 신체활동 일수: 여가,"□일
8. 비해당(문항3-1=2,8)
9. 모름, 무응답"
BE3_77,고강도 신체활동 시간(시간): 여가,"□□시간
88. 비해당(문항3-1=2,8)
99. 모름, 무응답"
BE3_78,고강도 신체활동 시간(분): 여가,"□□분
88. 비해당(문항3-1=2,8)
99. 모름, 무응답"
BE3_85,중강도 신체활동 여부: 여가,"1. 예
2. 아니오
8. 비해당(소아, 청소년)
9. 모름, 무응답"
BE3_86,중강도 신체활동 일수: 여가,"□일
8. 비해당(문항3-4=2,8)
9. 모름, 무응답"
BE3_87,중강도 신체활동 시간(시간): 여가,"□□시간
88. 비해당(문항3-4=2,8)
99. 모름, 무응답"
BE3_88,중강도 신체활동 시간(분): 여가,"□□분
88. 비해당(문항3-4=2,8)
99. 모름, 무응답"
BE8_1,평소 하루 앉아서 보내는 시간(시간),"□□시간
88. 비해당(소아)
99. 모름, 무응답"
BE8_2,평소 하루 앉아서 보내는 시간(분),"□□분
88. 비해당(소아)
99. 모름, 무응답"
BE3_31,1주일간 걷기 일수,"1. 전혀 하지 않음
2. 1일
3. 2일
4. 3일
5. 4일
6. 5일
7. 6일
8. 7일(매일)
88. 비해당(소아, 청소년)
99. 모름, 무응답"
BE3_32,걷기 지속 시간(시간),"□□시간
88. 비해당(문항5=1,88)
99. 모름"
BE3_33,걷기 지속 시간(분),"□□분
88. 비해당(문항5=1,88)
99. 모름, 무응답"
BE5_1,1주일간 근력운동 일수,"1. 전혀 하지 않음
2. 1일
3. 2일
4. 3일
5. 4일
6. 5일이상
8. 비해당(소아)
9. 모름, 무응답"
BE9,하루 60분 이상 신체활동 실천 일수,"1. 최근 7일 동안 없다
2. 주 1일
3. 주 2일
4. 주 3일
5. 주 4일
6. 주 5일
7. 주 6일
8. 주 7일
88. 비해당(소아, 성인)
99. 모름, 무응답"
pa_aerobic,유산소 신체활동 실천율,"0. 일주일에 중강도 신체활동을 2시간 30분 이상 또는 고강도 신체활동을 1시간 15분 이상 또는 중강도와 고강도 신체활동을 섞어서(고강도 1분은 중강도 2분) 각 활동에 상당하는 시간을 실천하지 않음
1. 일주일에 중강도 신체활동을 2시간 30분 이상 또는 고강도 신체활동을 1시간 15분 이상 또는 중강도와 고강도 신체활동을 섞어서(고강도 1분은 중강도 2분) 각 활동에 상당하는 시간을 실천
[분자] 일주일에 중강도 신체활동을 2시간 30분 이상 또는 고강도 신체활동을 1시간 15분 이상 또는 중강도와 고강도 신체활동을 섞어서(고강도 1분은 중강도 2분) 각 활동에 상당하는 시간을 실천한 사람 수
[분모] 19세이상 대상자 수"
LW_ms,월경여부,"1. 초경하기 전
2. 월경중
3. 임신중
4. 출산후 수유 중
5. 자연폐경
6. 인공폐경
7. 기타
8. 비해당(10세미만 여자)
9. 모름, 무응답"
LW_mp_e,무월경사유: 기타상세,
LW_mp_a,"폐경연령 ※자연폐경연령, 인공폐경연령 통합","□□□세
0-79. 0~79세
80. 80세이상
888. 비해당(19세미만 여자, 문항1=1,2,3,4,7,8)
999. 모름, 무응답"
LW_ms_1,인공폐경원인,"1. 자궁절제술
2. 양측 난소 절제술
3. 방사선치료
4. 항암제를 포함한 약물 치료
5. 기타
8. 비해당(19세미만 여자, 문항1=1,2,3,4,5,7,8)
9. 모름, 무응답"
LW_ms_1_e,인공폐경원인: 기타상세,
LW_ms_a,초경연령,"□□□세
888. 비해당(문항1=1,8)
999. 모름, 무응답"
LW_pr,임신경험여부,"1. 예
2. 아니오
8. 비해당(15세미만 여자, 문항1=1)
9. 모름, 무응답"
LW_pr_1,임신횟수,"□□회
88. 비해당(문항3=2,8)
99. 모름, 무응답"
LW_mt,출산경험,"1. 예
2. 아니오
8. 비해당(문항3=2,8)
9. 모름, 무응답"
LW_mt_a1,첫 출산연령,"□□□세
888. 비해당(문항4=2,8)
999. 모름, 무응답"
LW_mt_a2,마지막 출산연령,"□□□세
888. 비해당(문항4=2,8)
999. 모름, 무응답"
LW_br,모유수유 경험 여부,"1. 예
2. 아니오
8. 비해당(19세미만 여자, 문항4=2,8)
9. 모름, 무응답"
LW_br_ch,모유수유 자녀수,"□□명
88. 비해당(문항5=2,8)
99. 모름, 무응답"
LW_br_dur,모유수유기간(월 환산),"□□□□개월
8888. 비해당(문항5=2,8)
9999. 모름, 무응답"
LW_br_yy,모유수유기간(연),"□□년
88. 비해당(문항5=2,8)
99. 모름, 무응답"
LW_br_mm,모유수유기간(월),"□□개월
88. 비해당(문항5=2,8)
99. 모름, 무응답"
LW_oc,경구피임약 복용여부,"1. 예
2. 아니오
8. 비해당(소아, 청소년)
9. 모름, 무응답"
LW_wh,여성호르몬제 복용경험,"1. 예
2. 아니오
8. 비해당(소아, 청소년)
9. 모름, 무응답"
LW_wh_a,여성호르몬제 복용시기,"□□□세
888. 비해당(문항7=2,8)
999. 모름, 무응답"
LW_wh_dur,여성호르몬제 복용기간 ※월로 환산,"□□□□개월
8888. 비해당(문항7=2,8)
9999. 모름, 무응답"
LW_wh_yy,여성호르몬제 복용기간(연),"□□년
88. 비해당(문항7=2,8)
99. 모름, 무응답"
LW_wh_mm,여성호르몬제 복용기간(월),"□□개월
88. 비해당(문항7=2,8)
99. 모름, 무응답"
HE_fst,공복시간,□□ 시간
HE_mens,생리여부,"0. 아니오
1. 예
8. 비해당(남자)"
HE_prg,임신여부,"0. 아니오
1. 예
8. 비해당(남자)"
HE_dprg,임신개월수,□□ 개월
HE_fh,만성질환 의사진단 가족력 여부,"0. 아니오
1. 예
9. 모름"
HE_HPfh1,고혈압 의사진단 여부(부),"0. 아니오
1. 예
9. 모름/무응답"
HE_HPfh2,고혈압 의사진단 여부(모),"0. 아니오
1. 예
9. 모름/무응답"
HE_HPfh3,고혈압 의사진단 여부(형제자매),"0. 아니오
1. 예
8. 비해당
9. 모름/무응답"
HE_HLfh1,고지혈증 의사진단 여부(부),"0. 아니오
1. 예
9. 모름/무응답"
HE_HLfh2,고지혈증 의사진단 여부(모),"0. 아니오
1. 예
9. 모름/무응답"
HE_HLfh3,고지혈증 의사진단 여부(형제자매),"0. 아니오
1. 예
8. 비해당
9. 모름/무응답"
HE_IHDfh1,허혈성심장질환 의사진단 여부(부),"0. 아니오
1. 예
9. 모름/무응답"
HE_IHDfh2,허혈성심장질환 의사진단 여부(모),"0. 아니오
1. 예
9. 모름/무응답"
HE_IHDfh3,허혈성심장질환 의사진단 여부(형제자매),"0. 아니오
1. 예
8. 비해당
9. 모름/무응답"
HE_STRfh1,뇌졸중 의사진단 여부(부),"0. 아니오
1. 예
9. 모름/무응답"
HE_STRfh2,뇌졸중 의사진단 여부(모),"0. 아니오
1. 예
9. 모름/무응답"
HE_STRfh3,뇌졸중 의사진단 여부(형제자매),"0. 아니오
1. 예
8. 비해당
9. 모름/무응답"
HE_DMfh1,당뇨병 의사진단 여부(부),"0. 아니오
1. 예
9. 모름/무응답"
HE_DMfh2,당뇨병 의사진단 여부(모),"0. 아니오
1. 예
9. 모름/무응답"
HE_DMfh3,당뇨병 의사진단 여부(형제자매),"0. 아니오
1. 예
8. 비해당
9. 모름/무응답"
HE_CNfh11,암 의사진단 여부(부),"0. 아니오
1. 예
9. 모름/무응답"
HE_CNfh12_1,암종류(부),
HE_CNfh12_2,암종류(부),
HE_CNfh12_3,암종류(부),
HE_CNfh12_4,암종류(부),
HE_CNfh21,암 의사진단 여부(모),"0. 아니오
1. 예
9. 모름/무응답"
HE_CNfh22_1,암종류(모),
HE_CNfh22_2,암종류(모),
HE_CNfh22_3,암종류(모),
HE_CNfh22_4,암종류(모),
HE_CNfh31,암 의사진단 여부(형제자매),"0. 아니오
1. 예
8. 비해당
9. 모름/무응답"
HE_CNfh32_1,암종류(형제자매),
HE_CNfh32_2,암종류(형제자매),
HE_CNfh32_3,암종류(형제자매),
HE_CNfh32_4,암종류(형제자매),
HE_rPLS,맥박 규칙성 여부,"1. 규칙적
2. 불규칙적"
HE_PLS_30,30초 맥박수,□□□
HE_mPLS,60초 맥박수,□□□
HE_nARM,혈압 측정 팔,"1. 오른쪽
2. 왼쪽"
HE_armcir,팔둘레,□□□ cm
HE_sbp1,1차 수축기 혈압,□□□ mmHg
HE_dbp1,1차 이완기 혈압,□□□ mmHg
HE_sbp2,2차 수축기 혈압,□□□ mmHg
HE_dbp2,2차 이완기 혈압,□□□ mmHg
HE_sbp3,3차 수축기 혈압,□□□ mmHg
HE_dbp3,3차 이완기 혈압,□□□ mmHg
HE_sbp,"최종 수축기 혈압(2,3차 평균)",□□□ mmHg
HE_dbp,"최종 이완기 혈압(2,3차 평균)",□□□ mmHg
HE_HP,고혈압 유병여부,"1. 정상
2. 주의혈압
3. 고혈압전단계
4. 고혈압
[정의] ④고혈압: 수축기혈압이 140mmHg 이상 또는 이완기혈압이 90mmHg 이상 또는 고혈압 약물을 복용한 사람
③고혈압전단계: ④가 아니고, 수축기혈압이 130mmHg 이상, 140mmHg 미만이고 이완기혈압이 80mmHg 이상, 90mmHg 미만인 사람
②주의혈압: ④가 아니고, 수축기혈압이 120mmHg 이상, 130mmHg 미만이고, 이완기혈압이 80mmHg 미만인 사람
①정상: ②,③,④가 아니고, 수축기혈압이 120mmHg 미만이고 이완기혈압이 80mmHg 미만인 사람"
HE_ht,신장,□□□.□ cm
HE_wt,체중,□□□.□ kg
HE_wc,허리둘레,□□□.□ cm
HE_nc,목둘레,□□□.□ cm
HE_BMI,체질량지수,□□.□ kg/m²
HE_obe,비만 유병여부,"1. 저체중
2. 정상
3. 비만전단계
4. 1단계비만
5. 2단계비만
6. 3단계비만
[정의] ①저체중: 체질량지수가 18.5kg/m² 미만인 사람
②정상: 체질량지수가 18.5kg/m² 이상, 23kg/m² 미만인 사람
③비만전단계: 체질량지수가 23kg/m² 이상, 25kg/m² 미만인 사람
④1단계비만: 체질량지수가 25kg/m² 이상, 30kg/m² 미만인 사람
⑤2단계비만: 체질량지수가 30kg/m² 이상, 35kg/m² 미만인 사람
⑥3단계비만: 체질량지수가 35kg/m² 이상인 사람"
HE_wt_pct,소아청소년 체중 백분위수(1-18세),"1. 5백분위수 미만
2. 5~95백분위수 미만
3. 95백분위수 이상"
HE_BMI_pct,소아청소년 체질량지수 백분위수(2-18세),"1. 5백분위수 미만
2. 5~85백분위수 미만
3. 85~95백분위수 미만
4. 95백분위수 이상"
HE_glu,공복혈당,□□□ mg/dL
HE_HbA1c,당화혈색소,□.□ %
HE_DM_HbA1c,당뇨병 유병여부,"1. 정상
2. 당뇨병 전단계
3. 당뇨병
[정의] (비임신자면서 8시간이상 공복자 중)
①당뇨병: 공복혈당이 126mg/dL 이상이거나 의사진단을 받았거나 혈당강하제 복용 또는 인슐린 주사를 사용하거나, 당화혈색소 6.5% 이상인 사람
②당뇨병 전단계: ①이 아니고, 공복혈당이 100-125mg/dL 또는 당화혈색소가 5.7% 이상 6.4% 이하인 사람
③정상: ①,②가 아니고, 공복혈당이 100mg/dL 미만 또는 당화혈색소가 5.7% 미만인 사람
※ 2018년부터 임산부 제외하고 분석"
HE_chol,총콜레스테롤,□□□ mg/dL
HE_HDL_drt,HDL-콜레스테롤,□□□ mg/dL
HE_TG,중성지방,□□□ mg/dL
HE_LDL_drt,LDL-콜레스테롤(직접검사),□□□ mg/dL
HE_HCHOL,고콜레스테롤혈증 유병여부,"0. 없음
1. 있음
[분자] 총콜레스테롤이 240mg/dL 이상이거나 콜레스테롤강하제를 복용하고 있는 사람 수
[분모] 19세이상 대상자 수 (8시간이상 공복)"
HE_HTG,고중성지방혈증 유병여부,"0. 없음
1. 있음
[분자] 중성지방이 200mg/dL 이상인 사람 수
[분모] 19세이상 대상자 수 (12시간이상 공복)"
HE_ast,AST(SGOT),□□□ IU/L
HE_alt,ALT(SGPT),□□□ IU/L
HE_alt_etc,ALT(SGPT) 보고범위(하한),<5. 5 IU/L 미만
HE_hepaB,B형간염표면항원 양성여부,"0. 음성
1. 양성
[분자] B형간염표면항원이 양성인 사람 수
[분모] 10세이상 대상자 수"
HE_hepaC,C형간염항체 양성여부,"0. 음성
1. 양성
[분자] C형간염 항체가 양성인 사람 수
[분모] 10세이상 대상자 수"
HE_HB,헤모글로빈,□□.□ g/dL
HE_HCT,헤마토크리트,□□.□ %
HE_anem,빈혈 유병여부,"0. 없음
1. 있음
[분자] 헤모글로빈(g/dL)이 10-11세 11.5미만, 12-14세 12미만, 15세이상 비임신 여성 12미만, 임신여성 11미만, 남성 13미만에 해당하는 사람 수
[분모] 10세이상 대상자 수"
HE_BUN,혈중요소질소,□□ mg/dL
HE_crea,혈중크레아티닌,□.□□ mg/dL
HE_WBC,백혈구수,□□.□□ Thous/uL
HE_RBC,적혈구수,□.□□ Mil/uL
HE_Bplt,혈소판수,□□□ Thous/uL
HE_MCV,평균적혈구용적,□□.□ fL
HE_MCH,평균적혈구혈색소량,□□.□ pg
HE_MCHC,평균적혈구혈색소농도,□□.□ g/dL
HE_PTH,부갑상선호르몬,□□.□ pg/mL
HE_ALP,알칼리성포스파타아제,□□□ U/L
HE_Uacid,요산,□□.□ mg/dL
HE_hsCRP,고감도 C반응단백,□□.□□ mg/dL
HE_hsCRP_etc,고감도 C반응단백 보고범위(하한),<0.2. 0.2 mg/L 미만
HE_Ca,칼슘,□□.□ mg/dL
HE_P,무기인(Inorganic-phosphorus),□□.□ mg/dL
HE_Mg,마그네슘,□□.□ mg/dL
HE_D2,25(OH)D2,□□.□□ ng/mL
HE_D2_etc,25(OH)D2 보고범위(하한),<0.30. 0.30 ng/mL 미만
HE_D3,25(OH)D3,□□.□□ ng/mL
HE_D3_3epi,3-epi-25(OH)D3,□□.□□ ng/mL
HE_D3_3epi_etc,3-epi-25(OH)D3 보고범위(하한),<0.50. 0.50 ng/mL 미만
HE_Uph,요산도,□.□
HE_Unitr,아질산염,"0. 음성
1. 양성"
HE_Usg,요비중,□.□□□
HE_Upro,요단백,"0. 음성(-)
1. 미량(±)
2. 양성(+)
3. 양성(++)
4. 양성(+++)
5. 양성(++++)"
HE_Uglu,요당,"0. 음성(-)
1. 미량(±)
2. 양성(+)
3. 양성(++)
4. 양성(+++)
5. 양성(++++)"
HE_Uket,요케톤,"0. 음성(-)
1. 미량(±)
2. 양성(+)
3. 양성(++)
4. 양성(+++)
5. 양성(++++)"
HE_Ubil,요빌리루빈,"0. 음성(-)
1. 미량(±)
2. 양성(+)
3. 양성(++)
4. 양성(+++)
5. 양성(++++)"
HE_Ubld,요잠혈,"0. 음성(-)
1. 미량(±)
2. 양성(+)
3. 양성(++)
4. 양성(+++)
5. 양성(++++)"
HE_Uro,유로빌리노겐,
HE_Ucrea,요크레아티닌,□□□.□ mg/dL
HE_UNa,요나트륨,□□□ mmol/L
HE_UNa_etc,요나트륨 보고범위(하한),<20. 20 mmol/L
HE_Ualb,요알부민,□□□.□ μg/mL
HE_Ualb_etc,요알부민 보고범위(하한),<3.0. 3 μg/mL 미만
HE_Ukal,요칼륨,□□□ mmol/L
HE_Ukal_etc,"요칼륨 보고범위(하한, 상한)","<3. 3 mmol/L 미만
>100. 100 mmol/L 초과"
O_TC,"현존 자연치아 수 (자연치아 수의 총 합, 제3대구치 포함)",□□ 개
O_PROS_U,상악 보철물상태,"0. 보철물 없음
1. 고정성가공의치 한 개
2. 고정성가공의치 두 개 이상
3. 국소의치만 있음
4. 고정성가공의치와 국소의치 공존
5. 총의치
9. 기록불가"
O_PROS_L,하악 보철물상태,"0. 보철물 없음
1. 고정성가공의치 한 개
2. 고정성가공의치 두 개 이상
3. 국소의치만 있음
4. 고정성가공의치와 국소의치 공존
5. 총의치
9. 기록불가"
O_IMP_UI,상악전치 임플란트 존재,□□ 개
O_IMP_UM,상악구치 임플란트 존재,□□ 개
O_IMP_LI,하악전치 임플란트 존재,□□ 개
O_IMP_LM,하악구치 임플란트 존재,□□ 개
O_BR_N_U,상악 고정성가공의치 필요단위 수,□□ 개
O_BR_N_L,하악 고정성가공의치 필요단위 수,□□ 개
O_DENT_U,상악 국소의치 및 총의치 필요,"0. 없음
1. 국소의치 필요
2. 총의치 필요"
O_DENT_L,하악 국소의치 및 총의치 필요,"0. 없음
1. 국소의치 필요
2. 총의치 필요"
O_F,치아반점도(11세),"0. 정상치아
1. 반점의문치아
2. 경미도 반점치아
3. 경도 반점치아
4. 중등도 반점치아
5. 고도 반점치아
7. 불소이외의 원인으로 인한 이상
9. 기록불가"
OR1,본인인지 구강건강상태,"1. 매우 좋음
2. 좋음
3. 보통
4. 나쁨
5. 매우 나쁨
9. 무응답"
O_pain,최근 1년간 치통 경험유무,"0. 아니오
1. 예
9. 무응답"
O_ortho,교정치료 경험 유무,"0. 아니오
1. 예
9. 무응답"
BM1_0,어제 하루 칫솔질 여부,"0. 아니오
1. 예
9. 모름, 무응답"
BM1_1,칫솔질 시기: 아침식사 전,"0. 아니오
1. 예
8. 비해당(칫솔질안했음)
9. 모름, 무응답"
BM1_2,칫솔질 시기: 아침식사 후,"0. 아니오
1. 예
8. 비해당(칫솔질안했음)
9. 모름, 무응답"
BM1_3,칫솔질 시기: 점심식사 전,"0. 아니오
1. 예
8. 비해당(칫솔질안했음)
9. 모름, 무응답"
BM1_4,칫솔질 시기: 점심식사 후,"0. 아니오
1. 예
8. 비해당(칫솔질안했음)
9. 모름, 무응답"
BM1_5,칫솔질 시기: 저녁식사 전,"0. 아니오
1. 예
8. 비해당(칫솔질안했음)
9. 모름, 무응답"
BM1_6,칫솔질 시기: 저녁식사 후,"0. 아니오
1. 예
8. 비해당(칫솔질안했음)
9. 모름, 무응답"
BM1_7,칫솔질 시기: 간식 후,"0. 아니오
1. 예
8. 비해당(칫솔질안했음)
9. 모름, 무응답"
BM1_8,칫솔질 시기: 잠자기 전,"0. 아니오
1. 예
8. 비해당(칫솔질안했음)
9. 모름, 무응답"
BM2_1,사용 용품: 치실(Floss),"0. 아니오
1. 예
8. 비해당(12세미만)
9. 모름, 무응답"
BM2_3,사용 용품: 치간칫솔,"0. 아니오
1. 예
8. 비해당(12세미만)
9. 모름, 무응답"
BM2_2,사용 용품: 양치용액(구강세정액),"0. 아니오
1. 예
8. 비해당(12세미만)
9. 모름, 무응답"
BM2_4,사용 용품: 전동칫솔,"0. 아니오
1. 예
8. 비해당(12세미만)
9. 모름, 무응답"
BM2_5,"사용 용품: 혀클리너(설압자), 첨단칫솔(임플란트용 칫솔), 틀니관리용품","0. 아니오
1. 예
8. 비해당(12세미만)
9. 모름, 무응답"
BM13,운동 또는 사고로 인한 치아손상 경험여부,"0. 아니오
1. 예
9. 모름, 무응답"
BM13_1,치아손상 사유: 운동,"0. 아니오
1. 예
8. 비해당(치아손상 경험 없음)
9. 모름, 무응답"
BM13_2,치아손상 사유: 폭력,"0. 아니오
1. 예
8. 비해당(치아손상 경험 없음)
9. 모름, 무응답"
BM13_3,치아손상 사유: 교통사고,"0. 아니오
1. 예
8. 비해당(치아손상 경험 없음)
9. 모름, 무응답"
BM13_4,치아손상 사유: 안전사고,"0. 아니오
1. 예
8. 비해당(치아손상 경험 없음)
9. 모름, 무응답"
BM13_5,치아손상 사유: 기타,"0. 아니오
1. 예
8. 비해당(치아손상 경험 없음)
9. 모름, 무응답"
BM13_6,치아손상 사유: 기타상세,
BM7,씹기 문제,"1. 매우 불편함
2. 불편한 편임
3. 그저 그러함
4. 불편하지 않음
5. 전혀 불편하지 않음
8. 비해당(19세미만)
9. 모름, 무응답"
O_chew_d,저작불편 호소 여부,"0. 아니오
1. 예
[분자] '매우 불편하다' 또는 '불편하다'라고 응답한 사람 수
[분모] 19세이상 대상자 수"
BM8,말하기 문제,"1. 매우 불편함
2. 불편함
3. 그저 그러함
4. 불편하지 않음
5. 전혀 불편하지 않음
8. 비해당(19세미만)
9. 모름, 무응답"
OR1_2,최근 1년간 구강검진 여부,"0. 아니오
1. 예
9. 모름, 무응답"
MO4_00,치과병의원 이용 여부1),"0. 아니오
1. 예
9. 모름, 무응답"
MO4_4,진료항목: 구강검진(사진 X-ray 촬영 등),"0. 아니오
1. 예
8. 비해당(치과 비이용)
9. 모름, 무응답"
MO4_9,진료항목: 잇몸병 치료(잇몸수술 포함),"0. 아니오
1. 예
8. 비해당(치과 비이용)
9. 모름, 무응답"
MO4_7,진료항목: 단순 충치치료(치아충전),"0. 아니오
1. 예
8. 비해당(치과 비이용)
9. 모름, 무응답"
MO4_8,진료항목: 치아신경치료,"0. 아니오
1. 예
8. 비해당(치과 비이용)
9. 모름, 무응답"
MO4_17_1,"진료항목: 충치예방치료(치아홈메우기, 불소도포 등)","0. 아니오
1. 예
8. 비해당(치과 비이용)
9. 모름, 무응답"
MO4_17_2,진료항목: 스케일링(치석 제거제거),"0. 아니오
1. 예
8. 비해당(치과 비이용)
9. 모름, 무응답"
MO4_11,진료항목: 발치 또는 구강내수술(유지가 흔들려 뽑는 것은 제외),"0. 아니오
1. 예
8. 비해당(치과 비이용)
9. 모름, 무응답"
MO4_12,진료항목: 다쳐서 빠지거나 부러진 치아 치료,"0. 아니오
1. 예
8. 비해당(치과 비이용)
9. 모름, 무응답"
MO4_18,"진료항목: 보철물 제작, 수리(브릿지, 임플란트, 틀니 등의 보철물)","0. 아니오
1. 예
8. 비해당(치과 비이용)
9. 모름, 무응답"
MO4_15,"진료항목: 기타(교정치료, 심미치료 등)","0. 아니오
1. 예
8. 비해당(치과 비이용)
9. 모름, 무응답"
BM14,치과진료 미치료 여부,"1. 예
2. 아니오
3. 진료(검사 또는 치료) 필요없음
9. 모름, 무응답"
BM14_1,치과진료 미치료 이유,"1. 시간이 없어서 (내가 원하는 시간에 문을 열지 않아서, 직장 등을 비울 수 없어서, 아이를 볼 사람이 없어서 등)
2. 증세가 가벼워서 (시간이 지나면 좋아질 것 같아서)
3. 경제적인 이유(진료비가 부담되어서)
4. 교통편이 불편해서, 거리가 멀어서
5. 병의원에서 오래 기다리기 싫어서
6. 병의원 등에 예약을 하기가 힘들어서
7. 진료(검사 또는 치료)를 받기가 무서워서
8. 기타
88. 비해당(아니오, 진료 미필요)
9. 모름, 무응답"
BM14_2,치과진료 미치료 이유: 기타상세,
GS_use,주요 사용하는 손,"1. 오른손
2. 왼손
3. 양손
9. 무응답(미검진)"
GS_mea_r_1,1차 악력측정_오른손,□□.□ kg
GS_mea_r_2,2차 악력측정_오른손,□□.□ kg
GS_mea_l_1,1차 악력측정_왼손,□□.□ kg
GS_mea_l_2,2차 악력측정_왼손,□□.□ kg
GS_SP_DXA,근감소증 유병여부(DXA 기준)2),"0. 아니오
1. 예
[분자] 양손 또는 한손의 악력을 2회 측정한 값 중 최대값이 남자 28kg 미만, 여자 18kg 미만이면서 DXA 측정 결과 사지근육량(골량 제외)의 합/신장²이 남자 7.0kg/m² 미만, 여자 5.4kg/m² 미만인 사람 수
[분모] 65세이상 분석대상자 수"
BIA_ex,체성분검사 참여여부,"1. 측정
2. 제외 (임신부, 인공심장박동기, 이식형 심장충격기)
3. 기타 (가발, 협조부족, 의족 착용 등)"
BIA_FFM,"총 제지방량(체중에서 체지방량 제외한 값, 머리 포함)",□□.□ kg
BIA_LRA,오른팔 근육량(골무기질 제외),□□.□ kg
BIA_LLA,왼팔 근육량(골무기질 제외),□□.□ kg
BIA_LRL,오른다리 근육량(골무기질 제외),□□.□ kg
BIA_LLL,왼다리 근육량(골무기질 제외),□□.□ kg
BIA_BFM,체지방량(머리 포함),□□.□ kg
BIA_PBF,체지방률(머리 포함),□□.□ %
BIA_FRA,오른팔 체지방량,□□.□ kg
BIA_FLA,왼팔 체지방량,□□.□ kg
BIA_FT,몸통 체지방량,□□.□ kg
BIA_FRL,오른다리 체지방량,□□.□ kg
BIA_FLL,왼다리 체지방량,□□.□ kg
BIA_TBW,체수분,□□.□ L
BIA_ICW,세포내수분,□□.□ L
BIA_ECW,세포외수분,□□.□ L
BIA_WBPA50,50kHz 전신 위상각(우반신 측정값),□□.□ °
HE_fvc,노력성 폐활량,□.□□□ L
HE_fev1,1초간 노력성 호기량,□.□□□ L
HE_fev1fvc,1초간 노력성 호기량 / 노력성 폐활량,□□□ %
HE_fev6,6초간 노력성 호기량,□.□□□ L
HE_fef25_75,노력성 호기 중간유량,□.□□□ L/sec
HE_pef,최대 호기유속,□□□.□□□ L/sec
HE_COPD1,만성폐쇄성폐질환 유병여부,"0. 아니오
1. 예
9. 판정불능
[분자] 폐기능검사 결과 기류제한(FEV1/FVC 0.7 미만)이 있는 사람 수
[분모] 40세이상 폐기능검사 분석대상자 수
[비고] 용적 시간곡선이 적합성하 재현성 기준을 만족한 경우만 산출, 판정불능 제외
기관지확장제를 사용하지 않은 결과이므로 해석 시 유의"
HE_cough1,연속 3개월이상 기침 경험여부,"0. 아니오
1. 예"
HE_cough2,연속 3개월이상 기침 경험기간,□□년
HE_sput1,연속 3개월이상 가래 경험여부,"0. 아니오
1. 예"
HE_sput2,연속 3개월이상 가래 경험기간,□□년
HE_PFTdr,만성폐쇄성폐질환 의사진단 여부,"0. 아니오
1. 예"
HE_PFTag,만성폐쇄성폐질환 의사진단 연령2),만 □□세
HE_PFTtr,만성폐쇄성폐질환 치료 여부,"1. 현재 치료 중임
2. 과거 치료 받음
3. 치료받은 적 없음"
HE_PFThs,만성폐쇄성폐질환 입원 여부,"0. 아니오
1. 예"
T_ex,이비인후과 설문 및 검진여부,1. 측정
T_Q_HR,본인 청력,"1. 불편하지 않다
2. 약간 불편하다
3. 많이 불편하다
4. 전혀 들리지 않다
9. 무응답"
T_Q_HR_1,청각보조기기 사용여부,"1. 보청기
2. 인공와우
3. 사용하지 않는다
8. 비해당(12세미만, 설문1-①)
9. 무응답"
T_Q_HR_2,청각보조기기 사용기간,"1. 매일 사용
2. 한달에 15일 이상 사용
3. 한달에 15일 미만 사용
4. 거의 사용하지 않음
8. 비해당(12세미만, 설문1-③)
9. 무응답"
T_NQ_OCP,직업적 소음노출,"1. 예
2. 아니오
8. 비해당(40세미만)
9. 무응답"
T_NQ_PH2,시끄러운 장소에서 이어폰 사용경험2),"1. 예
2. 아니오
3. 기억이 나지 않는다
9. 무응답"
T_NQ_PH2_T,이어폰 사용시간,"□□□ 분
8888. 비해당(12세미만, 설문3-②,③)
9999. 무응답"
T_Q_VN,3분 이상 이명경험,"1. 예
2. 아니오
3. 기억이 나지 않는다
8. 비해당(40세미만)
9. 무응답"
T_Q_VN_1,6개월 이상 지속 여부,"1. 예
2. 아니오
8. 비해당(40세미만, 설문4-②,③)
9. 무응답"
T_Q_VN_2,이명 주관적 수준,"□□ 점
88. 비해당(40세미만, 설문4-②,③)
99. 무응답"
T_Q_DZ,어지럼증이나 균형감 이상 경험,"1. 예
2. 아니오
3. 기억이 나지 않는다
8. 비해당(40세미만)
9. 무응답"
T_Q_DZ2,외부요인 없이 중심잡기가 어려워 넘어지거나 쓰러진 경험,"1. 예
2. 아니오
8. 비해당(40세미만, 설문5-②,③)
9. 무응답"
T_Q_DZ3,어지럼증이나 균형감 이상 2차례 이상 반복 경험,"1. 예
2. 아니오
8. 비해당(40세미만, 설문5-②,③)
9. 무응답"
T_Q_DZ4,서있는 자세에서 자세 유지 불편 경험,"1. 예
2. 아니오
8. 비해당(40세미만, 설문5-②,③)
9. 무응답"
T_Q_DZ5,걷기 불편 경험,"1. 예
2. 아니오
8. 비해당(40세미만, 설문5-②,③)
9. 무응답"
T_Q_DZ6,만성적 어지럼증 경험,"1. 예
2. 아니오
8. 비해당(40세미만, 설문5-②,③)
9. 무응답"
T_Q_DZ7,반복적 낙상 경험,"1. 예
2. 아니오
8. 비해당(40세미만, 설문5-②,③)
9. 무응답"
T_Q_CR,비염증상경험,"1. 예
2. 아니오
8. 비해당(40세미만)
9. 무응답"
T_Q_CR1,비염증상 발생계절,"1. 특정계절에만 나타난다
2. 일년 내내 나타난다
8. 비해당(40세미만, 설문6-②)
9. 무응답"
T_Q_CR2,비염증상 일주일 내 지속기간,"1. 4일 미만
2. 4일 이상
8. 비해당(40세미만, 설문6-②)
9. 무응답"
T_Q_CR3,비염증상 지속기간,"1. 1달 미만
2. 1달 이상
8. 비해당(40세미만, 설문6-②)
9. 무응답"
T_Q_CR4,비염증상 생활방해여부,"1. 예
2. 아니오
8. 비해당(40세미만, 설문6-②)
9. 무응답"
T_Q_ALLE,알레르기 비염 진단 경험,"1. 예
2. 아니오
8. 비해당(40세미만)
9. 무응답"
T_Q_SNST1,콧물 또는 목 뒤로 넘어가는 콧물 3개월 이상 지속 여부,"1. 있다
2. 없다
8. 비해당(40세미만)
9. 무응답"
T_Q_SNST2,코막힘 3개월 이상 지속 여부,"1. 있다
2. 없다
8. 비해당(40세미만)
9. 무응답"
T_Q_SNST3,안면부 통통이나 압박감 3개월 이상 지속 여부,"1. 있다
2. 없다
8. 비해당(40세미만)
9. 무응답"
T_Q_SNST4,후각장애 3개월 이상 지속 여부,"1. 있다
2. 없다
8. 비해당(40세미만)
9. 무응답"
T_Q_SINU,객관적 검사로 만성 부비동염 진단 경험,"1. 예
2. 아니오
8. 비해당(40세미만)
9. 무응답"
T_Q_SINU_1,물혹 진단 경험,"1. 예
2. 아니오
8. 비해당(40세미만, 설문9-②)
9. 무응답"
T_Q_VC,본인인지 목소리 이상,"1. 예
2. 아니오
8. 비해당(40세미만)
9. 무응답"
T_Q_VC1,목소리 이상 기간,"1. 3주 미만
2. 3주 이상
8. 비해당(40세미만, 설문10-②)
9. 무응답"
T_HR_EX_R,순음청력검사 여부(우측),"0. 미측정
1. 측정"
T_HR_EX_R_1,순음청력검사 미검진 사유(우측),"1. 거부
2. 협조부족
3. 검사장비오류
4. 기타"
T_HR_EX_L,순음청력검사 여부(좌측),"0. 미측정
1. 측정"
T_HR_EX_L_1,순음청력검사 미검진 사유(좌측),"1. 거부
2. 협조부족
3. 검사장비오류
4. 기타"
T_HR500_pass,청력부스 최대허용 소음기준: 500Hz(0.5KHz),"0. 적합
1. 초과"
T_HR1000_pass,청력부스 최대허용 소음기준: 1000Hz(1KHz),"0. 적합
1. 초과"
T_HR2000_pass,청력부스 최대허용 소음기준: 2000Hz(2KHz),"0. 적합
1. 초과"
T_HR4000_pass,청력부스 최대허용 소음기준: 4000Hz(4KHz),"0. 적합
1. 초과"
T_HR500_RT,우측 귀: 500Hz(0.5KHz),□□□ dB
T_HR1000_RT,우측 귀: 1000Hz(1KHz),□□□ dB
T_HR2000_RT,우측 귀: 2000Hz(2KHz),□□□ dB
T_HR4000_RT,우측 귀: 4000Hz(4KHz),□□□ dB
T_HR8000_RT,우측 귀: 8000Hz(8KHz),□□□ dB
T_HR500_LT,좌측 귀: 500Hz(0.5KHz),□□□ dB
T_HR1000_LT,좌측 귀: 1000Hz(1KHz),□□□ dB
T_HR2000_LT,좌측 귀: 2000Hz(2KHz),□□□ dB
T_HR4000_LT,좌측 귀: 4000Hz(4KHz),□□□ dB
T_HR8000_LT,좌측 귀: 8000Hz(8KHz),□□□ dB
T_HL_mod,난청 유병(중등도이상) 여부,"0. 없음
1. 있음
[분자] 일측 또는 양측 순음청력평균치가 중등도 이상인 사람 수
순음청력평균치=(500Hz+1000Hz+2000Hz+4000Hz)/4
[분모] 40세이상 대상자 중 양측 순음청력검사를 수행하고 평균치 산출에 필요한 결과가 모두 있는 대상자 수
[비고] 청력부스 측정은 매주 조사 시작일에 시행하였으며(조사 환경 변화 시 재측정), 통계분석 시에는 최대 허용 소음 기준을 초과한 날에 검사한 대상자는 제외하고 분석
순음청력검사 결과 중 일부값이 무반응인 경우 결과음으로 표시되어 있음
평균청력(0.5-4kHz 1-0=100dB, 8kHz 1-0=90dB)의 최대값으로 대체하여 분석
청력손실 최대허용 소음 기준(ANSI-ASA S3.1, Octave band, ears covered): 500Hz ≤21dB, 1000Hz ≤26dB, 2000Hz ≤34dB, 4000Hz ≤37dB"
T_HL_mild,난청 유병(경도) 여부,"0. 없음
1. 있음
[분자] 일측 또는 양측 순음청력평균치가 경도(26dB이상 41dB미만)인 사람의 수
순음청력평균치=(500Hz+1000Hz+2000Hz+4000Hz)/4
[분모] 40세이상 대상자 중 양측 순음청력검사를 수행하고 평균치 산출에 필요한 결과가 모두 있는 대상자 수
[비고] 청력부스 측정은 매주 조사 시작일에 시행하였으며(조사 환경 변화 시 재측정), 통계분석 시에는 최대 허용 소음 기준을 초과한 날에 검사한 대상자는 제외하고 분석
순음청력검사 결과 중 일부값이 무반응인 경우 결과음으로 표시되어 있음
평균청력(0.5-4kHz 1-0=100dB, 8kHz 1-0=90dB)의 최대값으로 대체하여 분석
청력손실 최대허용 소음 기준(ANSI-ASA S3.1, Octave band, ears covered): 500Hz ≤21dB, 1000Hz ≤26dB, 2000Hz ≤34dB, 4000Hz ≤37dB"
T_IM_EX_R,임피던스검사 여부(우측),"0. 미측정
1. 측정"
T_IM_EX_R_1,임피던스검사 미검진 사유(우측),"1. 거부
2. 협조부족
3. 검사장비오류
4. 기타"
T_IM_EX_L,임피던스검사 여부(좌측),"0. 미측정
1. 측정"
T_IM_EX_L_1,임피던스검사 미검진 사유(좌측),"1. 거부
2. 협조부족
3. 검사장비오류
4. 기타"
T_IM_A_R,Type A(우측),"0. 비해당
1. 해당"
T_IM_A_L,Type A(좌측),"0. 비해당
1. 해당"
T_IM_B_R,Type B(우측),"0. 비해당
1. 해당"
T_IM_B_L,Type B(좌측),"0. 비해당
1. 해당"
T_IM_C_R,Type C(우측),"0. 비해당
1. 해당"
T_IM_C_L,Type C(좌측),"0. 비해당
1. 해당"
T_IM_FL_R,FLAT(우측),"0. 비해당
1. 해당"
T_IM_FL_L,FLAT(좌측),"0. 비해당
1. 해당"
T_Tymp_Dis,고막이상 유형 여부,"0. 없음
1. 있음
[분자] 임피던스 검사 결과 B 또는 C 또는 flat tympanogram인 사람 수
[분모] 40세이상 양측 임피던스 검사 결과 중 A, B, C, Flat 값이 있는 대상자 수"
E_ex,안검사 설문 및 검진여부,1. 안검사 설문 및 검진 참여
E_Q_EX,안과검사 받은 시기,"1. 한달이내
2. 한달이상 1년이내
3. 1년이상 3년이내
4. 3년이상
5. 한번도 없음
9. 무응답"
E_RT,하루평균 독서시간,"1. 하루 1시간이하
2. 1~2시간
3. 3시간
4. 4시간이상
9. 무응답"
E_CT,하루평균 스마트기기 사용시간,"1. 하루 1시간이하
2. 1~2시간
3. 3시간
4. 4시간이상
9. 무응답"
E_EXC_1,안질환검사 제외대상: 무안구증 혹은 안구적출,"1. 양안
2. 우안
3. 좌안
4. 해당사항 없음
9. 무응답"
E_Cr_m,시력검사: 시력 측정경방법_우안1),"1. 나안시력
2. 안경 혹은 렌즈에 의한 교정시력
8. 비해당
('22년: 60세미만, '23년: 40세미만, 60세이상: 설문4-①,②)
9. 무응답(미검진)"
E_Cr_1,시력검사: 시력_우안1),"1. 1.0
2. 0.8
3. 0.63
4. 0.5
5. 0.4
6. 0.32
7. 0.25
8. 0.2
9. 0.16
10. 0.125
11. 0.1
12. 0.025
13. 안전수지
14. 안전수동
15. 광각유
16. 광각무
88. 비해당
('22년: 60세미만, '23년: 40세미만, 60세이상: 설문4-①,②)
99. 무응답(미검진)"
E_Cl_m,시력검사: 시력 측정경방법_좌안1),"1. 나안시력
2. 안경 혹은 렌즈에 의한 교정시력
8. 비해당
('22년: 60세미만, '23년: 40세미만, 60세이상: 설문4-①,③)
9. 무응답(미검진)"
E_Cl_1,시력검사: 시력_좌안1),"1. 1.0
2. 0.8
3. 0.63
4. 0.5
5. 0.4
6. 0.32
7. 0.25
8. 0.2
9. 0.16
10. 0.125
11. 0.1
12. 0.025
13. 안전수지
14. 안전수동
15. 광각유
16. 광각무
88. 비해당
('22년: 60세미만, '23년: 40세미만, 60세이상: 설문4-①,③)
99. 무응답(미검진)"
E_Dr_dsph,시력검사: 자동굴절_Dsph_우안,"□□.□□D
888.88. 비해당
('22년: 60세미만, '23년: 40세미만, 60세이상: 설문4-①,②)
999.99. 무응답(미검진)"
E_Dr_dcyl,시력검사: 자동굴절_Dcyl_우안,"□□.□□D
888.88. 비해당
('22년: 60세미만, '23년: 40세미만, 60세이상: 설문4-①,②)
999.99. 무응답(미검진)"
E_Dr_a,시력검사: 자동굴절_A_우안,"□□□°
8888. 비해당
('22년: 60세미만, '23년: 40세미만, 60세이상: 설문4-①,②)
9999. 무응답(미검진)"
E_Dr_2_1,시력검사: 자동굴절_교정시력_우안1),"1. 1.0
2. 0.8
3. 0.63
4. 0.5
5. 0.4
6. 0.32
7. 0.25
8. 0.2
9. 0.16
10. 0.125
11. 0.1
12. 0.025
13. 안전수지
14. 안전수동
15. 광각유
16. 광각무
88. 비해당
('22년: 60세미만, '23년: 40세미만, 60세이상: 설문4-①,②, E_Cr_m의 ②)
99. 무응답(미검진)"
E_Dl_dsph,시력검사: 자동굴절_Dsph_좌안,"□□.□□D
888.88. 비해당
('22년: 60세미만, '23년: 40세미만, 60세이상: 설문4-①,③)
999.99. 무응답(미검진)"
E_Dl_dcyl,시력검사: 자동굴절_Dcyl_좌안,"□□.□□D
888.88. 비해당
('22년: 60세미만, '23년: 40세미만, 60세이상: 설문4-①,③)
999.99. 무응답(미검진)"
E_Dl_a,시력검사: 자동굴절_A_좌안,"□□□°
8888. 비해당
('22년: 60세미만, '23년: 40세미만, 60세이상: 설문4-①,③)
9999. 무응답(미검진)"
E_Dl_2_1,시력검사: 자동굴절_교정시력_좌안1),"1. 1.0
2. 0.8
3. 0.63
4. 0.5
5. 0.4
6. 0.32
7. 0.25
8. 0.2
9. 0.16
10. 0.125
11. 0.1
12. 0.025
13. 안전수지
14. 안전수동
15. 광각유
16. 광각무
88. 비해당
('22년: 60세미만, '23년: 40세미만, 60세이상: 설문4-①,③, E_Cl_m의 ②)
99. 무응답(미검진)"
DXW_ex,골밀도 설문 및 검진 여부,"1. 골밀도 설문 및 검진 참여
2. 제외대상
3. 비해당(40세미만)"
DX_Q_dxa,골밀도검사 경험,"1. 예
2. 아니오
8. 비해당(40세미만)
9. 무응답"
DX_Q_fall,1년간 1회 이상 낙상 경험,"1. 예
2. 아니오
8. 비해당(40세미만)
9. 무응답"
DX_Q_fm,낙상 횟수,"□□회
8888. 비해당(40세미만, 설문2-②)
9999. 무응답"
DX2_dg,"골절(척추, 고관절, 손목, 상완 등) 의사진단여부","1. 예
2. 아니오
8. 비해당(40세미만)
9. 무응답"
DX2_1,골절 부위,"1. 척추
2. 고관절
3. 손목
4. 상완
5. 기타
8. 비해당(40세미만, 설문3-②)
9. 무응답"
DX2_2,최근 1년 동안 골절 의사진단,"1. 예
2. 아니오
8. 비해당(40세미만, 설문3-②)
9. 무응답"
DX_Q_st,3개월 이상 경구 스테로이드 복용,"1. 예
2. 아니오
3. 모름
8. 비해당(40세미만)
9. 무응답"
DX_Q_hsty,부모 중 골다공증 진단 및 경미한 외상으로 인한 골절 경험,"1. 아버지
2. 어머니
3. 부모님 모두
4. 없음
5. 모름
8. 비해당(40세미만)
9. 무응답"
DX_TFM_A,대퇴골 전체(total femur) 면적,"□□□□.□□ cm²
9999.99 무응답(미검진 또는 판독불가)"
DX_TFM_BMC,대퇴골 전체(total femur) 골량,"□□□□.□□ g
9999.99 무응답(미검진 또는 판독불가)"
DX_TFM_BMD,대퇴골 전체(total femur) 골밀도,"□□□□.□□□ g/cm²
9999.999 무응답(미검진 또는 판독불가)"
DX_TR_A,대퇴골 전자부(trochanter) 면적,"□□□□.□□ cm²
9999.99 무응답(미검진 또는 판독불가)"
DX_TR_BMC,대퇴골 전자부(trochanter) 골량,"□□□□.□□ g
9999.99 무응답(미검진 또는 판독불가)"
DX_TR_BMD,대퇴골 전자부(trochanter) 골밀도,"□□□□.□□□ g/cm²
9999.999 무응답(미검진 또는 판독불가)"
DX_IT_A,대퇴골 전자간부(intertrochanter) 면적,"□□□□.□□ cm²
9999.99 무응답(미검진 또는 판독불가)"
DX_IT_BMC,대퇴골 전자간부(intertrochanter) 골량,"□□□□.□□ g
9999.99 무응답(미검진 또는 판독불가)"
DX_IT_BMD,대퇴골 전자간부(intertrochanter) 골밀도,"□□□□.□□□ g/cm²
9999.999 무응답(미검진 또는 판독불가)"
DX_NK_A,대퇴골 경부(femoral neck) 면적,"□□□□.□□ cm²
9999.99 무응답(미검진 또는 판독불가)"
DX_NK_BMC,대퇴골 경부(femoral neck) 골량,"□□□□.□□ g
9999.99 무응답(미검진 또는 판독불가)"
DX_NK_BMD,대퇴골 경부(femoral neck) 골밀도,"□□□□.□□□ g/cm²
9999.999 무응답(미검진 또는 판독불가)"
DX_WD_A,Ward 부위 면적,"□□□□.□□ cm²
9999.99 무응답(미검진 또는 판독불가)"
DX_WD_BMC,Ward 부위 골량,"□□□□.□□ g
9999.99 무응답(미검진 또는 판독불가)"
DX_WD_BMD,Ward 부위 골밀도,"□□□□.□□□ g/cm²
9999.999 무응답(미검진 또는 판독불가)"
DX_LSP_A,요추(lumbar spine) 면적 ※요추: 제1번 ~ 제4번 요추,"□□□□.□□ cm²
9999.99 무응답(미검진 또는 판독불가)"
DX_LSP_BMC,요추(lumbar spine) 골량,"□□□□.□□ g
9999.99 무응답(미검진 또는 판독불가)"
DX_LSP_BMD,요추(lumbar spine) 골밀도,"□□□□.□□□ g/cm²
9999.999 무응답(미검진 또는 판독불가)"
DX_L1_A,제1번 요추 면적,"□□□□.□□ cm²
9999.99 무응답(미검진 또는 판독불가)"
DX_L1_BMC,제1번 요추 골량,"□□□□.□□ g
9999.99 무응답(미검진 또는 판독불가)"
DX_L1_BMD,제1번 요추 골밀도,"□□□□.□□□ g/cm²
9999.999 무응답(미검진 또는 판독불가)"
DX_L2_A,제2번 요추 면적,"□□□□.□□ cm²
9999.99 무응답(미검진 또는 판독불가)"
DX_L2_BMC,제2번 요추 골량,"□□□□.□□ g
9999.99 무응답(미검진 또는 판독불가)"
DX_L2_BMD,제2번 요추 골밀도,"□□□□.□□□ g/cm²
9999.999 무응답(미검진 또는 판독불가)"
DX_L3_A,제3번 요추 면적,"□□□□.□□ cm²
9999.99 무응답(미검진 또는 판독불가)"
DX_L3_BMC,제3번 요추 골량,"□□□□.□□ g
9999.99 무응답(미검진 또는 판독불가)"
DX_L3_BMD,제3번 요추 골밀도,"□□□□.□□□ g/cm²
9999.999 무응답(미검진 또는 판독불가)"
DX_L4_A,제4번 요추 면적,"□□□□.□□ cm²
9999.99 무응답(미검진 또는 판독불가)"
DX_L4_BMC,제4번 요추 골량,"□□□□.□□ g
9999.99 무응답(미검진 또는 판독불가)"
DX_L4_BMD,제4번 요추 골밀도,"□□□□.□□□ g/cm²
9999.999 무응답(미검진 또는 판독불가)"
DX_F_Ts_A,대퇴골 전체의 T-score(아시아기준),
DX_FN_Ts_A,대퇴골 경부의 T-score(아시아기준),
DX_F_Zs_A,대퇴골 전체의 Z-score(아시아기준),
DX_FN_Zs_A,대퇴골 경부의 Z-score(아시아기준),
DX_S1_Ts_A,제1번 요추의 T-score(아시아기준),
DX_S2_Ts_A,제2번 요추의 T-score(아시아기준),
DX_S3_Ts_A,제3번 요추의 T-score(아시아기준),
DX_S4_Ts_A,제4번 요추의 T-score(아시아기준),
DX_S_Ts_A,전체 요추의 T-score(아시아기준),
DX_S_Zs_A,전체 요추의 Z-score(아시아기준),
DX_OST,골다공증 유병여부,"1. 정상
2. 골감소증
3. 골다공증
[정의] ③골다공증: 폐경 후 여자 또는 50세 이상 남자에서 대퇴골 전체, 대퇴 경부, 요추 검사상 가장 낮은 T-score가 -2.5 이하인 사람
②골감소증: 폐경 후 여자 또는 50세 이상 남자에서 대퇴골 전체, 대퇴 경부, 요추 검사상 가장 낮은 T-score가 -2.5 초과 -1.0 미만인 사람
①정상: ③,②이 아니고, 폐경 후 여자 또는 50세 이상 남자에서 대퇴골 전체, 대퇴 경부, 요추 검사상 가장 낮은 T-score가 -1.0 이상인 사람"
DX_HAL,고관절 장축길이(hip axis length) (cm),"□□□□□.□□ cm
99999.99 무응답(미검진 또는 판독불가)"
DX_NK_CSA,대퇴경부(femoral neck) 단면적,"□□□□□.□□ cm²
99999.99 무응답(미검진 또는 판독불가)"
DX_NK_WD,대퇴경부(femoral neck) 폭,"□□□□□.□□ cm
99999.99 무응답(미검진 또는 판독불가)"
DX_NK_CTK,대퇴경부(femoral neck) 피질골 두께,"□□□□□.□□ cm
99999.99 무응답(미검진 또는 판독불가)"
DX_IT_CSA,전자간부(intertrochanter) 단면적,"□□□□□.□□ cm²
99999.99 무응답(미검진 또는 판독불가)"
DX_IT_WD,전자간부(intertrochanter) 폭,"□□□□□.□□ cm
99999.99 무응답(미검진 또는 판독불가)"
DX_IT_CTK,전자간부(intertrochanter) 피질골 두께,"□□□□□.□□ cm
99999.99 무응답(미검진 또는 판독불가)"
DX_FS_CSA,대퇴간부(femur shaft) 단면적,"□□□□□.□□ cm²
99999.99 무응답(미검진 또는 판독불가)"
DX_FS_WD,대퇴간부(femur shaft) 폭,"□□□□□.□□ cm
99999.99 무응답(미검진 또는 판독불가)"
DX_FS_CTK,대퇴간부(femur shaft) 피질골 두께,"□□□□□.□□ cm
99999.99 무응답(미검진 또는 판독불가)"
DX_NS_ANG,대퇴골 경부와 간부간의 각도,"□□□□.□□ °
9999.99 무응답(미검진 또는 판독불가)"
DW_HD_A,머리(head) 면적,"□□□□□.□□ cm²
99999.99 무응답(미검진 또는 판독불가)"
DW_HD_BMC,머리(head) 골량,"□□□□□.□□ g
99999.99 무응답(미검진 또는 판독불가)"
DW_HD_BMD,머리(head) 골밀도,"□□□□.□□□ g/cm²
9999.999 무응답(미검진 또는 판독불가)"
DW_Lrm_A,왼팔(left arm) 면적,"□□□□□.□□ cm²
99999.99 무응답(미검진 또는 판독불가)"
DW_Lrm_BMC,왼팔(left arm) 골량,"□□□□□.□□ g
99999.99 무응답(미검진 또는 판독불가)"
DW_Lrm_BMD,왼팔(left arm) 골밀도,"□□□□.□□□ g/cm²
9999.999 무응답(미검진 또는 판독불가)"
DW_Rrm_A,오른팔(right arm) 면적,"□□□□□.□□ cm²
99999.99 무응답(미검진 또는 판독불가)"
DW_Rrm_BMC,오른팔(right arm) 골량,"□□□□□.□□ g
99999.99 무응답(미검진 또는 판독불가)"
DW_Rrm_BMD,오른팔(right arm) 골밀도,"□□□□.□□□ g/cm²
9999.999 무응답(미검진 또는 판독불가)"
DW_Lrb_A,왼쪽 갈비뼈(left rib) 면적,"□□□□□.□□ cm²
99999.99 무응답(미검진 또는 판독불가)"
DW_Lrb_BMC,왼쪽 갈비뼈(left rib) 골량,"□□□□□.□□ g
99999.99 무응답(미검진 또는 판독불가)"
DW_Lrb_BMD,왼쪽 갈비뼈(left rib) 골밀도,"□□□□.□□□ g/cm²
9999.999 무응답(미검진 또는 판독불가)"
DW_Rrb_A,오른쪽 갈비뼈(right rib) 면적,"□□□□□.□□ cm²
99999.99 무응답(미검진 또는 판독불가)"
DW_Rrb_BMC,오른쪽 갈비뼈(right rib) 골량,"□□□□□.□□ g
99999.99 무응답(미검진 또는 판독불가)"
DW_Rrb_BMD,오른쪽 갈비뼈(right rib) 골밀도,"□□□□.□□□ g/cm²
9999.999 무응답(미검진 또는 판독불가)"
DW_TS_A,흉추(thoracic spine) 면적,"□□□□□.□□ cm²
99999.99 무응답(미검진 또는 판독불가)"
DW_TS_BMC,흉추(thoracic spine) 골량,"□□□□□.□□ g
99999.99 무응답(미검진 또는 판독불가)"
DW_TS_BMD,흉추(thoracic spine) 골밀도,"□□□□.□□□ g/cm²
9999.999 무응답(미검진 또는 판독불가)"
DW_LS_A,요추(lumar spine) 면적,"□□□□□.□□ cm²
99999.99 무응답(미검진 또는 판독불가)"
DW_LS_BMC,요추(lumar spine) 골량,"□□□□□.□□ g
99999.99 무응답(미검진 또는 판독불가)"
DW_LS_BMD,요추(lumar spine) 골밀도,"□□□□.□□□ g/cm²
9999.999 무응답(미검진 또는 판독불가)"
DW_plv_A,골반(pelvis) 면적,"□□□□□.□□ cm²
99999.99 무응답(미검진 또는 판독불가)"
DW_plv_BMC,골반(pelvis) 골량,"□□□□□.□□ g
99999.99 무응답(미검진 또는 판독불가)"
DW_plv_BMD,골반(pelvis) 골밀도,"□□□□.□□□ g/cm²
9999.999 무응답(미검진 또는 판독불가)"
DW_Llg_A,왼다리(left leg) 면적,"□□□□□.□□ cm²
99999.99 무응답(미검진 또는 판독불가)"
DW_Llg_BMC,왼다리(left leg) 골량,"□□□□□.□□ g
99999.99 무응답(미검진 또는 판독불가)"
DW_Llg_BMD,왼다리(left leg) 골밀도,"□□□□.□□□ g/cm²
9999.999 무응답(미검진 또는 판독불가)"
DW_Rlg_A,오른다리(right leg) 면적,"□□□□□.□□ cm²
99999.99 무응답(미검진 또는 판독불가)"
DW_Rlg_BMC,오른다리(right leg) 골량,"□□□□□.□□ g
99999.99 무응답(미검진 또는 판독불가)"
DW_Rlg_BMD,오른다리(right leg) 골밀도,"□□□□.□□□ g/cm²
9999.999 무응답(미검진 또는 판독불가)"
DW_SBT_A,총면적 (머리제외),"□□□□□.□□ cm²
99999.99 무응답(미검진 또는 판독불가)"
DW_SBT_BMC,총골량 (머리제외),"□□□□□.□□ g
99999.99 무응답(미검진 또는 판독불가)"
DW_SBT_BMD,총골밀도 (머리제외),"□□□□.□□□ g/cm²
9999.999 무응답(미검진 또는 판독불가)"
DW_WBT_A,총(wholebody total) 면적,"□□□□□.□□ cm²
99999.99 무응답(미검진 또는 판독불가)"
DW_WBT_BMC,총(wholebody total) 골량,"□□□□□.□□ g
99999.99 무응답(미검진 또는 판독불가)"
DW_WBT_BMD,총(wholebody total) 골밀도,"□□□□.□□□ g/cm²
9999.999 무응답(미검진 또는 판독불가)"
DW_HD_FT,머리(head) 지방량,"□□□□□□.□ g
99999.9 무응답(미검진 또는 판독불가)"
DW_HD_LN,머리(head) 제지방량(골량포함),"□□□□□□.□ g
99999.9 무응답(미검진 또는 판독불가)"
DW_HD_MS,머리(head) 무게,"□□□□□□.□ g
99999.9 무응답(미검진 또는 판독불가)"
DW_HD_pFT,머리(head) 지방률,"□□□.□ %
999.9 무응답(미검진 또는 판독불가)"
DW_Lrm_FT,왼팔(left arm) 지방량,"□□□□□□.□ g
99999.9 무응답(미검진 또는 판독불가)"
DW_Lrm_LN,왼팔(left arm) 제지방량(골량포함),"□□□□□□.□ g
99999.9 무응답(미검진 또는 판독불가)"
DW_Lrm_MS,왼팔(left arm) 무게,"□□□□□□.□ g
99999.9 무응답(미검진 또는 판독불가)"
DW_Lrm_pFT,왼팔(left arm) 지방률,"□□□.□ %
999.9 무응답(미검진 또는 판독불가)"
DW_Rrm_FT,오른팔(right arm) 지방량,"□□□□□□.□ g
99999.9 무응답(미검진 또는 판독불가)"
DW_Rrm_LN,오른팔(right arm) 제지방량(골량포함),"□□□□□□.□ g
99999.9 무응답(미검진 또는 판독불가)"
DW_Rrm_MS,오른팔(right arm) 무게,"□□□□□□.□ g
99999.9 무응답(미검진 또는 판독불가)"
DW_Rrm_pFT,오른팔(right arm) 지방률,"□□□.□ %
999.9 무응답(미검진 또는 판독불가)"
DW_Trk_FT,몸통(trunk) 지방량,"□□□□□□.□ g
99999.9 무응답(미검진 또는 판독불가)"
DW_Trk_LN,몸통(trunk) 제지방량(골량포함),"□□□□□□.□ g
99999.9 무응답(미검진 또는 판독불가)"
DW_Trk_MS,몸통(trunk) 무게,"□□□□□□.□ g
99999.9 무응답(미검진 또는 판독불가)"
DW_Trk_pFT,몸통(trunk) 지방률,"□□□.□ %
999.9 무응답(미검진 또는 판독불가)"
DW_Llg_FT,왼다리(left leg) 지방량,"□□□□□□.□ g
99999.9 무응답(미검진 또는 판독불가)"
DW_Llg_LN,왼다리(left leg) 제지방량(골량포함),"□□□□□□.□ g
99999.9 무응답(미검진 또는 판독불가)"
DW_Llg_MS,왼다리(left leg) 무게,"□□□□□□.□ g
99999.9 무응답(미검진 또는 판독불가)"
DW_Llg_pFT,왼다리(left leg) 지방률,"□□□.□ %
999.9 무응답(미검진 또는 판독불가)"
DW_Rlg_FT,오른다리(right leg) 지방량,"□□□□□□.□ g
99999.9 무응답(미검진 또는 판독불가)"
DW_Rlg_LN,오른다리(right leg) 제지방량(골량포함),"□□□□□□.□ g
99999.9 무응답(미검진 또는 판독불가)"
DW_Rlg_MS,오른다리(right leg) 무게,"□□□□□□.□ g
99999.9 무응답(미검진 또는 판독불가)"
DW_Rlg_pFT,오른다리(right leg) 지방률,"□□□.□ %
999.9 무응답(미검진 또는 판독불가)"
DW_SBT_FT,총지방량 (머리제외),"□□□□□□.□ g
99999.9 무응답(미검진 또는 판독불가)"
DW_SBT_LN,"총제지방량 (머리제외,골량포함)","□□□□□□.□ g
99999.9 무응답(미검진 또는 판독불가)"
DW_SBT_MS,총무게 (머리제외),"□□□□□□.□ g
99999.9 무응답(미검진 또는 판독불가)"
DW_SBT_pFT,총체지방률 (머리제외),"□□□.□ %
999.9 무응답(미검진 또는 판독불가)"
DW_WBT_FT,총(whole body total) 지방량,"□□□□□□.□ g
99999.9 무응답(미검진 또는 판독불가)"
DW_WBT_LN,총(whole body total) 제지방량(골량포함),"□□□□□□.□ g
99999.9 무응답(미검진 또는 판독불가)"
DW_WBT_MS,총(whole body total) 무게,"□□□□□□.□ g
99999.9 무응답(미검진 또는 판독불가)"
DW_WBT_pFT,총(whole body total) 체지방률,"□□□.□ %
999.9 무응답(미검진 또는 판독불가)"
L_BR,식품섭취조사 2일 전 아침결식 여부¹),"1. 예
0. 아니오"
L_LN,식품섭취조사 2일 전 점심결식 여부¹),"1. 예
0. 아니오"
L_DN,식품섭취조사 2일 전 저녁결식 여부¹),"1. 예
0. 아니오"
L_BR_FQ,최근 1년 동안 1주 동안 아침식사 빈도,"1. 주 5~7회
2. 주 3~4회
3. 주 1~2회
4. 거의 안한다(주0회)
9. 모름/무응답"
L_LN_FQ,최근 1년 동안 1주 동안 점심식사 빈도,"1. 주 5~7회
2. 주 3~4회
3. 주 1~2회
4. 거의 안한다(주0회)
9. 모름/무응답"
L_DN_FQ,최근 1년 동안 1주 동안 저녁식사 빈도,"1. 주 5~7회
2. 주 3~4회
3. 주 1~2회
4. 거의 안한다(주0회)
9. 모름/무응답"
L_BR_TO,최근 1년 동안 아침식사 시 가족 및 가족 외 사람과의 동반 여부,"1. 예
2. 아니오
3. 비해당(아침식사빈도가 주2회이하)
9. 모름/무응답"
L_BR_WHO,최근 1년 동안 아침식사 시 동반대상,"1. 가족
2. 가족 외
8. 비해당(동반여부가 “아니오”/“비해당”인 경우)
9. 모름/무응답"
L_LN_TO,최근 1년 동안 점심식사 시 가족 및 가족 외 사람과의 동반 여부,"1. 예
2. 아니오
3. 비해당(점심식사빈도가 주2회이하)
9. 모름/무응답"
L_LN_WHO,최근 1년 동안 점심식사 시 동반 대상,"1. 가족
2. 가족 외
8. 비해당(동반여부가 “아니오”/“비해당”인 경우)
9. 모름/무응답"
L_DN_TO,최근 1년 동안 저녁식사 시 가족 및 가족 외 사람과의 동반 여부,"1. 예
2. 아니오
3. 비해당(저녁식사빈도가 주2회이하)
9. 모름/무응답"
L_DN_WHO,최근 1년 동안 저녁식사 시 동반 대상,"1. 가족
2. 가족 외
8. 비해당(동반여부가 “아니오”/“비해당”인 경우)
9. 모름/무응답"
L_OUT_FQ,최근 1년 동안 평균 외식 빈도,"1. 하루 2회 이상
2. 하루 1회
3. 주 5~6회
4. 주 3~4회
5. 주 1~2회
6. 월 1~3회
7. 거의 안 한다(월1회 미만)
9. 모름/무응답"
LS_VEG1,"최근 1년 동안 평균 채소류(김치 및 장아찌 포함), 버섯류, 해조류 섭취 빈도","1. 하루 3회 이상
2. 하루 2회
3. 하루 1회
4. 주 5~6회
5. 주 2~4회
6. 주 1회
7. 월 2~3회
8. 월 1회
9. 거의 안한다(월 1회 미만)
99. 모름/무응답"
LS_VEG2,"최근 1년 동안 평균 채소류(김치 및 장아찌 제외), 버섯류, 해조류 섭취 빈도","1. 하루 3회 이상
2. 하루 2회
3. 하루 1회
4. 주 5~6회
5. 주 2~4회
6. 주 1회
7. 월 2~3회
8. 월 1회
9. 거의 안한다(월 1회 미만)
99. 모름/무응답"
LS_FRUIT,최근 1년 동안 평균 과일류 섭취 빈도,"1. 하루 3회 이상
2. 하루 2회
3. 하루 1회
4. 주 5~6회
5. 주 2~4회
6. 주 1회
7. 월 2~3회
8. 월 1회
9. 거의 안한다(월 1회 미만)
99. 모름/무응답"
LS_1YR,최근 1년 동안 2주 이상 식이보충제 복용 여부,"1. 예
2. 아니오
9. 모름/무응답"
LK_EDU,최근 1년 동안 영양교육 및 상담 경험 여부,"1. 예
2. 아니오
3. 비해당(초등학생 미만)
9. 모름/무응답"
LK_LB_CO,영양표시 인지 여부,"1. 예
2. 아니오
3. 비해당(초등학생 미만)
9. 모름/무응답"
LK_LB_US,영양표시 이용 여부,"1. 예
2. 아니오
8. 비해당(초등학생 미만이거나 영양표시 인지 여부가 “예”가 아닌 경우)
9. 모름/무응답"
LK_LB_IT,영양표시 중 관심 영양소,"1. 열량
2. 탄수화물
3. 당류
4. 단백질
5. 지방
6. 포화지방
7. 트랜스지방
8. 콜레스테롤
9. 나트륨
10. 기타
88. 비해당(초등학생 미만이거나 영양표시 이용 여부가 “예”가 아닌 경우)
99. 모름/무응답"
LK_LB_EF,영양표시 영향 여부,"1. 예
2. 아니오
8. 비해당(초등학생 미만이거나 영양표시 이용 여부가 “예”가 아닌 경우)
9. 모름/무응답"
Y_BTH_WT,출생 시 체중,"단위 : kg
999. 모름/무응답"
Y_MTM_YN,모유 수유 여부¹),"1. 예
2. 아니오
9. 모름/무응답"
Y_MTM_S1,모유 수유 시작시기 1차,"단위 : □□주
888. 비해당(모유수유 안함)
999. 모름/무응답"
Y_MTM_S2,모유 수유 시작시기 2차,"단위 : □□주
888. 비해당(모유수유 안함)
999. 모름/무응답"
Y_MTM_D1,모유 수유 기간 1차,"단위 : □□개월
888. 비해당(모유수유 안함)
999. 모름/무응답"
Y_MTM_D2,모유 수유 기간 2차,"단위 : □□개월
888. 비해당(모유수유 안함)
999. 모름/무응답"
Y_FM_YN,조제분유 수유 여부¹),"1. 예
2. 아니오
9. 모름/무응답"
Y_FM_S1,조제분유 수유 시작시기 1차,"단위 : □□주
888. 비해당(조제분유수유 안함)
999. 모름/무응답"
Y_FM_S2,조제분유 수유 시작시기 2차,"단위 : □□주
888. 비해당(조제분유수유 안함)
999. 모름/무응답"
Y_FM_D1,조제분유 수유 기간 1차,"단위 : □□개월
888. 비해당(조제분유수유 안함)
999. 모름/무응답"
Y_FM_D2,조제분유 수유 기간 2차,"단위 : □□개월
888. 비해당(조제분유수유 안함)
999. 모름/무응답"
Y_MLK_ST,일반우유(생우유) 시작시기(개월),"단위 : □□개월
888. 비해당(우유 섭취경험이 없음)
999. 모름/무응답"
Y_WN_ST,이유보충식 시작시기(개월),"단위 : □□개월
888. 비해당(이유보충식 안함)
999. 모름/무응답"
Y_SUP_YN,만12개월 이전 영양제 복용 여부,"1. 예
2. 아니오
9. 모름/무응답"
Y_SUP_KD1,만12개월 이전 비타민/무기질제 복용 여부,"0. 복용하지 않음
1. 복용
8. 비해당(영양제복용 안함, 모름/무응답)"
Y_SUP_KD3,만12개월 이전 유산균영제/정장제 복용 여부,"0. 복용하지 않음
1. 복용
8. 비해당(영양제복용 안함, 모름/무응답)"
Y_SUP_KD4,만12개월 이전 초유영제 복용 여부,"0. 복용하지 않음
1. 복용
8. 비해당(영양제복용 안함, 모름/무응답)"
Y_SUP_KD7,만12개월 이전 기타 영양제 복용 여부,"0. 복용하지 않음
1. 복용
8. 비해당(영양제복용 안함, 모름/무응답)"
N_DIET,식사요법 여부,"1. 예
2. 아니오
9. 모름/무응답"
N_DIET_WHY,식사요법 이유,"1. 질환이 있어서
2. 체중을 조절하기 위해서
3. 기타
8. 비해당(식사요법여부: 아니오)
9. 모름/무응답"
N_DT_DS,식사요법 이유_질환,식사요법이유 ‘질환이 있어서’의 경우 질환명
N_DT_ETC,식사요법 이유_기타,식사요법 ‘기타’의 경우 구체적 내용
N_DUSUAL,평소 식사량과 비교,"어제 섭취한 식사분량은 평소에 비해
1. 많이 섭취하였다
2. 평소와 비슷하였다
3. 적게 섭취하였다
9. 모름/무응답"
N_WAT_C,물 섭취량(컵),물섭취량(컵: 200ml)
N_BF,수유 여부,"1. 예
2. 아니오
8. 비해당"
N_BFD_Y,모유수유 여부,"1. 예
2. 아니오
8. 비해당(1~3세 외 연령)"
N_DAY,영양조사요일,영양조사를 실시한 요일
N_MEAL,끼니 구분,"1. 아침
2. 점심
3. 저녁
4. 간식"
N_MEAL_T,식사 시간,"□□:□□
※새벽은 24시간 체계로 기록 (예: 9시30분=0930)
8881. 정확히는 모르지만 오전시간대
8882. 정확히는 모르지만 오후시간대
8883. 모름/무응답"
N_MEAL_P,식사 장소,"1. 가정
2. 학교/직장
5. 노인정 등
7. 음식업소
11. 사찰/교회
98. 기타
99. 모름/무응답"
N_MTYPE,매식 여부,"1. 가정식
5. 음식업소 음식
12. 일반식품
14. 단체급식
21. 편의식품
99. 모름/무응답"
N_MEAL_W,타인동반 여부,"1. 혼자
2. 가족동반
3. 가족외동반
9. 모름/무응답"
N_DNAME,음식명,대상자가 응답한 음식명
N_DCODE,음식코드,5자리 코드
N_CD_VOL,음식의 조리총량(부피),"음식의 조리총량(부피, ml)"
N_CD_WT,음식의 조리총량(중량),"음식의 조리총량(중량, g)"
N_TD_VOL,음식의 섭취량(부피),"음식의 섭취량(부피, ml)"
N_TD_WT,음식의 섭취량(중량),"음식의 섭취량(중량, g)"
N_FCODE,식품코드,5자리 코드
N_FNAME,식품코드명(한글),식품코드에 대한 한글 식품명
N_FD_NS,식품명 및 식품상태,대상자가 응답한 식품명 및 식품상태
N_FM_WT,식품재료량(중량),재료식품의 중량(g)
N_PRODUCT,제품명,"해당식품의 제품명
888: 가공식품이 맞지만 제품명 모름/제품 확인불가"
N_CNAME,제조회사명,"해당식품의 제조회사명
888: 가공식품이 맞지만 제조회사명 모름/제품 확인불가"
N_AP,동식물성 구분,"1. 식물성
2. 동물성"
N_KINDG1,식품군 분류,"01. 곡류
02. 감자 전분류
03. 당류
04. 두류
05. 종실류
06. 채소류
07. 버섯류
08. 과일류
09. 해조류
11. 양념류
12. 유지류(식물)
13. 기타(식물)
15. 육류
16. 난류
17. 어패류
18. 우유류
19. 유지류(동물)
20. 기타(동물)
21. 음료류
22. 주류"
N_FCODE3,3차 식품코드,5자리 코드
N_FNAME3,3차 식품코드명,3차 식품코드의 식품명
NF_INTK,식품섭취량,식품별 섭취량(g)
NF_INTK3,3차 식품코드용 식품섭취량,"3차 식품코드별 기준식품명에 맞춰 환산된 섭취량(g)
※식품섭취량이 3차 식품코드별 식품섭취량 합산이 가능하도록 고안된 기준으로 생성한 환산계수를 곱한 값"
NF_EN,에너지,에너지 섭취량(kcal)
NF_WATER,수분,수분 섭취량(g)
NF_PROT,단백질,단백질 섭취량(g)
NF_FAT,지방,지방 섭취량(g)
NF_SFA,포화지방산,포화지방산 섭취량(g)
NF_MUFA,단일불포화지방산,단일불포화지방산 섭취량(g)
NF_PUFA,다가불포화지방산,다가불포화지방산 섭취량(g)
NF_N3,n-3계 지방산,n-3계 지방산 섭취량(g)
NF_N6,n-6계 지방산,n-6계 지방산 섭취량(g)
NF_10_0,카프로산,카프로산 섭취량(mg)
NF_12_0,라우르산,라우르산 섭취량(mg)
NF_14_0,미리스틴산,미리스틴산 섭취량(mg)
NF_16_0,팔미트산,팔미트산 섭취량(mg)
NF_18_0,스테아르산,스테아르산 섭취량(mg)
NF_20_0,아라키드산,아라키드산 섭취량(mg)
NF_22_0,베헨산,베헨산 섭취량(mg)
NF_24_0,리그노세르산,리그노세르산 섭취량(mg)
NF_14_1,미리스톨레산,미리스톨레산 섭취량(mg)
NF_16_1,팔미톨레산,팔미톨레산 섭취량(mg)
NF_18_1,올레산,올레산 섭취량(mg)
NF_20_1,에이코센산,에이코센산 섭취량(mg)
NF_22_1,에루크산,에루크산 섭취량(mg)
NF_24_1,네르본산,네르본산 섭취량(mg)
NF_18_2N6,리놀레산,리놀레산 섭취량(mg)
NF_18_3N3,알파리놀렌산,알파리놀렌산 섭취량(mg)
NF_18_3N6,감마리놀렌산,감마리놀렌산 섭취량(mg)
NF_18_4,스테아리돈산,스테아리돈산 섭취량(mg)
NF_20_2,에이코사디엔산,에이코사디엔산 섭취량(mg)
NF_20_3N6,디호모감마리놀렌산,디호모감마리놀렌산 섭취량(mg)
NF_20_4N6,아라키돈산,아라키돈산 섭취량(mg)
NF_20_5N3,에이코사펜타엔산,에이코사펜타엔산 섭취량(mg)
NF_22_2,도코사디엔산,도코사디엔산 섭취량(mg)
NF_22_5,도코사펜타엔산,도코사펜타엔산 섭취량(mg)
NF_22_6N3,도코사헥사엔산,도코사헥사엔산 섭취량(mg)
NF_CHOL,콜레스테롤,콜레스테롤 섭취량(mg)
NF_CHO,탄수화물,탄수화물 섭취량(g)
NF_TDF,식이섬유,식이섬유 섭취량(g)
NF_SUGAR,당,당 섭취량(g)
NF_CA,칼슘,칼슘 섭취량(mg)
NF_PHOS,인,인 섭취량(mg)
NF_NA,나트륨,나트륨 섭취량(mg)
NF_K,칼륨,칼륨 섭취량(mg)
NF_MG,마그네슘,마그네슘 섭취량(mg)
NF_FE,철,철 섭취량(mg)
NF_ZN,아연,아연 섭취량(mg)
NF_VA_RAE,비타민A(레티놀 활성 당량),비타민A(레티놀 활성 당량) 섭취량(μg RAE)
NF_VITD,비타민D,비타민D 섭취량(μg)
NF_VITE,비타민E,비타민E 섭취량(mg α-TE)
NF_CAROT,베타카로틴,베타카로틴 섭취량(μg)
NF_RETIN,레티놀,레티놀 섭취량(μg)
NF_B1,티아민,티아민 섭취량(mg)
NF_B2,리보플라빈,리보플라빈 섭취량(mg)
NF_NIAC,나이아신,나이아신 섭취량(mg)
NF_FOLATE,엽산,엽산 섭취량(μg DFE)
NF_VITC,비타민C,비타민C 섭취량(mg)
N_INTK,식품섭취량,1일 식품섭취량(g)
N_EN,에너지,1일 에너지 섭취량(kcal)
N_WATER,수분,1일 수분 섭취량(g)
N_PROT,단백질,1일 단백질 섭취량(g)
N_FAT,지방,1일 지방 섭취량(g)
N_SFA,포화지방산,1일 포화지방산 섭취량(g)
N_MUFA,단일불포화지방산,1일 단일불포화지방산 섭취량(g)
N_PUFA,다가불포화지방산,1일 다가불포화지방산 섭취량(g)
N_N3,n-3계 지방산,1일 n-3계 지방산 섭취량(g)
N_N6,n-6계 지방산,1일 n-6계 지방산 섭취량(g)
N_CHOL,콜레스테롤,1일 콜레스테롤 섭취량(mg)
N_CHO,탄수화물,1일 탄수화물 섭취량(g)
N_TDF,식이섬유,1일 식이섬유 섭취량(g)
N_SUGAR,당,1일 당 섭취량(g)
N_CA,칼슘,1일 칼슘 섭취량(mg)
N_PHOS,인,1일 인 섭취량(mg)
N_NA,나트륨,1일 나트륨 섭취량(mg)
N_K,칼륨,1일 칼륨 섭취량(mg)
N_MG,마그네슘,1일 마그네슘 섭취량(mg)
N_FE,철,1일 철 섭취량(mg)
N_ZN,아연,1일 아연 섭취량(mg)
N_VA_RAE,비타민A(레티놀 활성 당량),1일 비타민A(레티놀 활성 당량) 섭취량(μg RAE)
N_VITD,비타민D,1일 비타민D 섭취량(μg)
N_VITE,비타민E,1일 비타민E 섭취량(mg α-TE)
N_CAROT,베타카로틴,1일 베타카로틴 섭취량(μg)
N_RETIN,레티놀,1일 레티놀 섭취량(μg)
N_B1,티아민,1일 티아민 섭취량(mg)
N_B2,리보플라빈,1일 리보플라빈 섭취량(mg)
N_NIAC,나이아신,1일 나이아신 섭취량(mg)
N_FOLATE,엽산,1일 엽산 섭취량(μg DFE)
N_VITC,비타민C,1일 비타민C 섭취량(mg)
LF_SECUR_Y,식품안정성조사 참여 여부,1. 식품안정성조사 참여
LF_BUYER,응답자의 가구 내 식생활관리자 여부,"1. 예
2. 아니오
9. 모름/무응답"
LF_SAFE,식생활형편,"1. 충분한 양과 다양한 음식을 먹을 수 있었다.
2. 충분한 양의 음식을 먹을 수 있었으나, 다양한 음식을 먹지 못했다.
3. 경제적으로 어려워 가끔 먹을 것이 부족했다.
4. 경제적으로 어려워 자주 먹을 것이 부족했다.
9. 모름/무응답"
