variable_name,type,classes,flags,bottom,top
mod_d,pass,,,,
ID,pass,,,,
ID_fam,pass,,,,
year,numerical,,,,
region,categorical,"1,2,3,4,5,6,7,8,9,10,11,12,13,14,15,16,17",,,
town_t,categorical,"1,2",,,
apt_t,categorical,"1,2",,,
psu,pass,,,,
sex,categorical,"1,2",,,
age,numerical,,,,80
age_month,numerical,,,,
incm,categorical,"1,2,3,4",,,
ho_incm,categorical,"1,2,3,4",,,
incm5,categorical,"1,2,3,4,5",,,
ho_incm5,categorical,"1,2,3,4,5",,,
edu,categorical,"1,2,3,4",,,
occp,categorical,"1,2,3,4,5,6,7",,,
wt_hs,numerical,,,,
wt_itvex,numerical,,,,
wt_oe,numerical,,,,
wt_bia,numerical,,,,
wt_pft,numerical,,,,
wt_ntr,numerical,,,,
wt_tot,numerical,,,,
wt_oent,numerical,,,,
wt_biant,numerical,,,,
wt_pfnt,numerical,,,,
kstrata,pass,,,,
cfam,categorical,"1,2,3,4,5,6",9,,
genertn,categorical,"1,2,3,4,5,6,7",9,,
allownc,categorical,"10,20",99,,
house,categorical,"1,2,3",9,,
live_t,categorical,"1,2,3,4",9,,
ainc_unit1,pass,"1,2",9,,
ainc_1,pass,,,,
ainc,numerical,,,17,1500
marri_1,categorical,"1,2",9,,
marri_2,categorical,"1,2,3,4","8,9,88,99",,
fam_rela,categorical,"1,2,3,4,5,6,7,8,9,10",99,,
tins,categorical,"10,20,30",99,,
npins,categorical,"1,2",9,,
ID_F,pass,,,,
ID_M,pass,,,,
D_1_1,categorical,"1,2,3,4,5",9,,
D_2_1,categorical,"1,2",9,,
D_2_wk,numerical,,"88,99",,
DI1_dg,categorical,"0,1","8,9",,
DI1_ag,numerical,,"888,999",,80
DI1_pr,categorical,"0,1","8,9",,
DI1_pt,categorical,"0,1","8,9",,
DI1_2,categorical,"1,2,3,4,5","8,9",,
DI2_dg,categorical,"0,1","8,9",,
DI2_ag,numerical,,"888,999",,80
DI2_pr,categorical,"0,1","8,9",,
DI2_pt,categorical,"0,1","8,9",,
DI2_2,categorical,"1,2,3,4,5","8,9",,
DE1_dg,categorical,"0,1","8,9",,
DE1_ag,numerical,,"888,999",,80
DE1_pr,categorical,"0,1","8,9",,
DE1_pt,categorical,"0,1","8,9",,
DE1_3,categorical,"1,2","8,9",,
DE1_31,categorical,"0,1","8,9",,
DE1_32,categorical,"0,1","8,9",,
DE1_33,categorical,"0,1","8,9",,
DE1_34,categorical,"0,1","8,9",,
DE1_35,pass,,,,
DE1_4,categorical,"1,2","8,9",,
DN1_dg,categorical,"0,1","8,9",,
DN1_ag,numerical,,"888,999",,80
DN1_pt,categorical,"0,1","8,9",,
DI3_dg,categorical,"0,1","8,9",,
DI3_ag,numerical,,"888,999",,80
DI3_2,categorical,"1,2,3","8,9",,
DI4_dg,categorical,"0,1","8,9",,
DI5_dg,categorical,"0,1","8,9",,
DI5_ag,numerical,,"888,999",,80
DI6_dg,categorical,"0,1","8,9",,
DI6_ag,numerical,,"888,999",,80
DJ2_dg,categorical,"0,1","8,9",,
DJ2_ag,numerical,,"888,999",,80
DC01_dg,categorical,"0,1","8,9",,
DC01,categorical,"1,2,3,4,5,6,7","8,9,88",,
DC01_tp1,pass,,,,
DC01_ag,numerical,,"888,999",,80
DJ4_dg,categorical,"0,1","8,9",,
DJ4_ag,numerical,,"888,999",,80
DJ4_3,categorical,"1,2,3","8,9",,
DL1_dg,categorical,"0,1","8,9",,
DL1_ag,numerical,,"888,999",,80
DJ8_dg,categorical,"0,1","8,9",,
DJ8_ag,numerical,,"888,999",,80
DM4_dg,categorical,"0,1","8,9",,
DM4_ag,numerical,,"888,999",,80
DM4_pt,categorical,"0,1","8,9",,
DJ6_dg,categorical,"0,1","8,9",,
DJ6_ag,numerical,,"888,999",,80
DH4_dg,categorical,"0,1","8,9",,
DH4_ag,numerical,,"888,999",,80
BP17_dg,categorical,"0,1","8,9",,
M_2_yr,categorical,"1,2,3",9,,
M_2_rs,categorical,"1,2,3,4,5,6,7,8","88,99",,
M_2_et,pass,,,,
mt_nontrt,categorical,"0,1",,,
M_HL_1,categorical,"1,2,3,4","8,9",,
M_HL_2,categorical,"1,2,3,4","8,9",,
M_HL_3,categorical,"1,2,3,4","8,9",,
M_HL_4,categorical,"1,2,3,4","8,9",,
M_HL_5,categorical,"1,2,3,4","8,9",,
M_HL_6,categorical,"1,2,3,4","8,9",,
M_HL_7,categorical,"1,2,3,4","8,9",,
M_HL_8,categorical,"1,2,3,4","8,9",,
M_HL_9,categorical,"1,2,3,4","8,9",,
M_HL_10,categorical,"1,2,3,4","8,9",,
M_HL_S,numerical,,,,
M_HL_11,categorical,"1,2,3,4","8,9",,
BH9_11,categorical,"1,2",9,,
BH1,categorical,"1,2","8,9",,
BH2_61,categorical,"1,2","8,9",,
LQ4_00,categorical,"1,2","8,9",,
LQ4_01,categorical,"0,1","8,9",,
LQ4_02,categorical,"0,1","8,9",,
LQ4_03,categorical,"0,1","8,9",,
LQ4_04,categorical,"0,1","8,9",,
LQ4_05,categorical,"0,1","8,9",,
LQ4_06,categorical,"0,1","8,9",,
LQ4_07,categorical,"0,1","8,9",,
LQ4_08,categorical,"0,1","8,9",,
LQ4_09,categorical,"0,1","8,9",,
LQ4_10,categorical,"0,1","8,9",,
LQ4_11,categorical,"0,1","8,9",,
LQ4_12,categorical,"0,1","8,9",,
LQ4_13,categorical,"0,1","8,9",,
LQ4_14,categorical,"0,1","8,9",,
LQ4_15,categorical,"0,1","8,9",,
LQ4_16,categorical,"0,1","8,9",,
LQ4_21,categorical,"0,1","8,9",,
LQ4_22,categorical,"0,1","8,9",,
LQ4_25,categorical,"0,1","8,9",,
LQ4_26,categorical,"0,1","8,9",,
LQ4_27,categorical,"0,1","8,9",,
LQ4_28,categorical,"0,1","8,9",,
LQ4_29,categorical,"0,1","8,9",,
LQ4_23,categorical,"0,1","8,9",,
LQ4_24,pass,,,,
LQ1_sb,categorical,"1,2","8,9",,
LQ1_mn,numerical,,"88,99",,
LQ2_ab,categorical,"1,2","8,9",,
LQ2_mn,numerical,,"88,99",,
LQ_1EQL,categorical,"1,2,3","8,9",,
LQ_2EQL,categorical,"1,2,3","8,9",,
LQ_3EQL,categorical,"1,2,3","8,9",,
LQ_4EQL,categorical,"1,2,3","8,9",,
LQ_5EQL,categorical,"1,2,3","8,9",,
EQ5D,numerical,,,,
LQ_1HT,categorical,"1,2,3,4","8,9",,
LQ_2HT,categorical,"1,2,3,4","8,9",,
LQ_3HT,categorical,"1,2,3,4","8,9",,
LQ_4HT,categorical,"1,2,3,4","8,9",,
LQ_5HT,categorical,"1,2,3,4","8,9",,
LQ_6HT,categorical,"1,2,3,4","8,9",,
LQ_7HT,categorical,"1,2,3,4","8,9",,
LQ_8HT,categorical,"1,2,3,4","8,9",,
LQ_LF1,categorical,"0,1,2,3,4","8,9",,
LQ_LF2,categorical,"0,1,2,3,4","8,9",,
LQ_LF3,categorical,"0,1,2,3,4","8,9",,
LQ_LF4,categorical,"0,1,2,3,4","8,9",,
LQ_LF5,categorical,"0,1,2,3,4","8,9",,
LQ_LF6,categorical,"0,1,2,3,4","8,9",,
LQ_LF7,categorical,"0,1,2,3,4","8,9",,
LQ_LF8,categorical,"0,1,2,3,4","8,9",,
LQ_LF9,categorical,"0,1,2,3,4","8,9",,
LQ_LF10,categorical,"0,1,2,3,4","8,9",,
LQ_LF_S,numerical,,,,
AC1_yr,categorical,"1,2",9,,
AC3,numerical,,"88,99",,
AC3_1_01,numerical,,9999,,
AC3_1_02,numerical,,9999,,
AC3_1_03,numerical,,9999,,
AC3_1_04,numerical,,9999,,
AC3_1_05,numerical,,9999,,
AC3_1_06,numerical,,9999,,
AC3_2_01,numerical,,99,,
AC3_2_02,numerical,,99,,
AC3_2_03,numerical,,99,,
AC3_2_04,numerical,,99,,
AC3_2_05,numerical,,99,,
AC3_2_06,numerical,,99,,
AC8_1_01,categorical,"1,2,3,4",9,,
AC8_1_02,categorical,"1,2,3,4",9,,
AC8_1_03,categorical,"1,2,3,4",9,,
AC8_1_04,categorical,"1,2,3,4",9,,
AC8_1_05,categorical,"1,2,3,4",9,,
AC8_1_06,categorical,"1,2,3,4",9,,
AC8_1e_01,pass,,,,
AC8_1e_02,pass,,,,
AC8_1e_03,pass,,,,
AC8_1e_04,pass,,,,
AC8_1e_05,pass,,,,
AC8_1e_06,pass,,,,
AC8_2w_01,categorical,"1,2",9,,
AC8_2w_02,categorical,"1,2",9,,
AC8_2w_03,categorical,"1,2",9,,
AC8_2w_04,categorical,"1,2",9,,
AC8_2w_05,categorical,"1,2",9,,
AC8_2w_06,categorical,"1,2",9,,
AC8_2_01,numerical,,"888,999",,
AC8_2_02,numerical,,"888,999",,
AC8_2_03,numerical,,"888,999",,
AC8_2_04,numerical,,"888,999",,
AC8_2_05,numerical,,"888,999",,
AC8_2_06,numerical,,"888,999",,
AC8_3w_01,categorical,"1,2","8,9",,
AC8_3w_02,categorical,"1,2","8,9",,
AC8_3w_03,categorical,"1,2","8,9",,
AC8_3w_04,categorical,"1,2","8,9",,
AC8_3w_05,categorical,"1,2","8,9",,
AC8_3w_06,categorical,"1,2","8,9",,
AC8_3_01,numerical,,"888,999",,
AC8_3_02,numerical,,"888,999",,
AC8_3_03,numerical,,"888,999",,
AC8_3_04,numerical,,"888,999",,
AC8_3_05,numerical,,"888,999",,
AC8_3_06,numerical,,"888,999",,
ij_expr,categorical,"0,1",,,
MH1_yr,categorical,"1,2",9,,
MH1_1,numerical,,"88,99",,
MO1_wk,categorical,"1,2",9,,
MO1_1,numerical,,"88,99",,
educ,categorical,"1,2,3,4,5,6,7,8","88,99",,
graduat,categorical,"1,2,3,4","8,9",,
EC_pedu_1,categorical,"1,2,3,4,5,6,7,8","88,99",,
EC_pedu_2,categorical,"1,2,3,4,5,6,7,8","88,99",,
CH2_1,categorical,"1,2,3","8,9",,
CH2_2,categorical,"1,2,3,4","8,9",,
EC1_1,categorical,"1,2","8,9",,
EC_occp,categorical,"1,2,3,4,5,6,7,8,9,10","88,99",,
EC_stt_1,categorical,"1,2,3,4","8,9",,
EC_stt_2,categorical,"1,2,3","8,9",,
EC_wht_0,categorical,"1,2","8,9",,
EC_wht_23,numerical,,"888,999",,
EC_wht_5,categorical,"1,2,3,4,5,6,7,8","88,99",,
EC_wht_6,pass,,,,
EC_lgw_2,categorical,"1,2,3,4,5,6,7,8,9,10","88,99",,
EC_lgw_4,categorical,"1,2,3,4","8,9",,
EC_lgw_5,categorical,"1,2,3","8,9",,
BO1,categorical,"1,2,3,4,5","8,9",,
BO1_1,categorical,"1,2,3","8,9",,
BO1_2,categorical,"1,2,3","8,9",,
BO1_3,categorical,"1,2,3","8,9",,
BO2_1,categorical,"1,2,3,4","8,9",,
BO3_01,categorical,"1,2","8,9",,
BO3_02,categorical,"1,2","8,9",,
BO3_03,categorical,"1,2","8,9",,
BO3_14,categorical,"1,2","8,9",,
BO3_05,categorical,"1,2","8,9",,
BO3_04,categorical,"1,2","8,9",,
BO3_12,categorical,"1,2","8,9",,
BO3_07,categorical,"1,2","8,9",,
BO3_09,categorical,"1,2","8,9",,
BO3_10,categorical,"1,2","8,9",,
BO3_11,pass,,,,
BD1,categorical,"1,2","8,9",,
BD2,numerical,,"888,999",,80
BD1_11,categorical,"1,2,3,4,5,6","8,9",,
BD2_1,categorical,"1,2,3,4,5","8,9",,
BD2_14,numerical,,"888,999",,
BD2_31,categorical,"1,2,3,4,5","8,9",,
BD2_32,categorical,"1,2,3,4,5","8,9",,
BD7_4,categorical,"1,2,3","8,9",,
BD7_5,categorical,"1,2","8,9",,
BD7_61,categorical,"0,1","8,9",,
BD7_62,categorical,"0,1","8,9",,
BD7_63,categorical,"0,1","8,9",,
BD7_64,categorical,"0,1","8,9",,
BD7_65,categorical,"0,1","8,9",,
BD7_66,categorical,"0,1","8,9",,
BD7_67,pass,,,,
dr_month,categorical,"0,1",,,
BA2_12,categorical,"1,2,3,4,5","8,9",,
BA2_13,categorical,"1,2,3,4,5","8,9",,
BA2_14,categorical,"1,2,3,4,5","8,9",,
BA2_2_1,categorical,"1,2","8,9",,
BA2_2_2,numerical,,"888,999",,
BA2_2_3,categorical,"1,2","8,9",,
BA2_2_4,numerical,,"888,999",,
BA2_2_5,categorical,"1,2","8,9",,
BA2_2_6,numerical,,"888,999",,
BA2_22,categorical,"1,2,3,4,5","8,9",,
BA1_1,categorical,"1,2,3,4,5,6","8,9",,
BA1_3,categorical,"1,2,3,4,5","8,9",,
BA1_2,categorical,"1,2,3,4,5,6","8,9",,
sc_seatblt,categorical,"0,1",,,
sc_seatblt2,categorical,"0,1",,,
sc_seatblt3,categorical,"0,1",,,
BP16_1,numerical,,"88,99",,
BP16_2,numerical,,"88,99",,
BP16_11,numerical,,"88,99",,
BP16_12,numerical,,"88,99",,
BP16_13,numerical,,"88,99",,
BP16_14,numerical,,"88,99",,
BP16_21,numerical,,"88,99",,
BP16_22,numerical,,"88,99",,
BP16_23,numerical,,"88,99",,
BP16_24,numerical,,"88,99",,
BP17_2,categorical,"1,2","8,9",,
BP17_3,categorical,"1,2","8,9",,
BP17_4,categorical,"1,2","8,9",,
BP_PHQ_1,categorical,"0,1,2,3","8,9",,
BP_PHQ_2,categorical,"0,1,2,3","8,9",,
BP_PHQ_3,categorical,"0,1,2,3","8,9",,
BP_PHQ_4,categorical,"0,1,2,3","8,9",,
BP_PHQ_5,categorical,"0,1,2,3","8,9",,
BP_PHQ_6,categorical,"0,1,2,3","8,9",,
BP_PHQ_7,categorical,"0,1,2,3","8,9",,
BP_PHQ_8,categorical,"0,1,2,3","8,9",,
BP_PHQ_9,categorical,"0,1,2,3","8,9",,
mh_PHQ_S,numerical,,,,
BP_GAD_1,categorical,"0,1,2,3","8,9",,
BP_GAD_2,categorical,"0,1,2,3","8,9",,
BP_GAD_3,categorical,"0,1,2,3","8,9",,
BP_GAD_4,categorical,"0,1,2,3","8,9",,
BP_GAD_5,categorical,"0,1,2,3","8,9",,
BP_GAD_6,categorical,"0,1,2,3","8,9",,
BP_GAD_7,categorical,"0,1,2,3","8,9",,
mh_GAD_S,numerical,,,,
BP1,categorical,"1,2,3,4","8,9",,
BP2,categorical,"1,2,3,4,5,6,7,8,9","88,99",,
BP2_2,pass,,,,
BP5,categorical,"1,2","8,9",,
BP6_10,categorical,"1,2","8,9",,
BP6_2,categorical,"1,2","8,9",,
BP6_31,categorical,"1,2","8,9",,
BP7,categorical,"1,2","8,9",,
mh_stress,categorical,"0,1",,,
BS1_1,categorical,"1,2,3","8,9",,
BS2_1,numerical,,"888,999",,80
BS2_2,numerical,,"888,999",,80
BS3_1,categorical,"1,2,3","8,9",,
BS3_2,numerical,,"888,999",,
BS3_3,numerical,,"88,99",,
BS6_2,numerical,,"8888,9999",,
BS6_2_1,numerical,,"88,99",,
BS6_2_2,numerical,,"88,99",,
BS6_3,numerical,,"888,999",,
BS6_4,numerical,,"8888,9999",,
BS6_4_1,numerical,,"88,99",,
BS6_4_2,numerical,,"88,99",,
BS12_37,categorical,"1,2","8,9",,
BS12_47,categorical,"1,2,3","8,9",,
BS12_47_1,numerical,,"888,999",,
BS12_47_2,numerical,,"88,99",,
BS12_47_4,categorical,"1,2,3,4,5,6,7,8,9","88,99",,
BS12_47_5,pass,,,,
BS12_1,categorical,"1,2","8,9",,
BS12_2,categorical,"1,2","8,9",,
BS12_31,categorical,"0,1","8,9",,
BS12_32,categorical,"0,1","8,9",,
BS12_33,categorical,"0,1","8,9",,
BS12_34,categorical,"0,1","8,9",,
BS12_35,pass,,,,
BS12_36,categorical,"0,1","8,9",,
BS12_41,categorical,"0,1","8,9",,
BS12_42,categorical,"0,1","8,9",,
BS12_43,categorical,"0,1","8,9",,
BS12_44,categorical,"0,1","8,9",,
BS12_45,pass,,,,
BS12_46,categorical,"0,1","8,9",,
BS5_4,categorical,"1,2,3,4","8,9",,
BS5,categorical,"1,2","8,9",,
BS5_1,numerical,,"8,9",,
BS5_21,categorical,"0,1","8,9",,
BS5_28,categorical,"0,1","8,9",,
BS5_26,categorical,"0,1","8,9",,
BS5_33,categorical,"0,1","8,9",,
BS5_34,categorical,"0,1","8,9",,
BS5_32,categorical,"0,1","8,9",,
BS5_29,categorical,"0,1","8,9",,
BS5_30,categorical,"0,1","8,9",,
BS5_31,pass,,,,
BS8_2,categorical,"1,2","8,9",,
BS9_2,categorical,"1,2,3","8,9",,
BS13,categorical,"1,2","8,9",,
BS10_1,categorical,"1,2","8,9",,
BS2,numerical,,"888,999",,
BS10_2,numerical,,"88,99",,
BS10_3,numerical,,"888,999",,
sm_presnt,categorical,"0,1",,,
BE3_71,categorical,"1,2","8,9",,
BE3_72,numerical,,"8,9",,
BE3_73,numerical,,"88,99",,
BE3_74,numerical,,"88,99",,
BE3_81,categorical,"1,2","8,9",,
BE3_82,numerical,,"8,9",,
BE3_83,numerical,,"88,99",,
BE3_84,numerical,,"88,99",,
BE3_91,categorical,"1,2","8,9",,
BE3_92,numerical,,"8,9",,
BE3_93,numerical,,"88,99",,
BE3_94,numerical,,"88,99",,
BE3_75,categorical,"1,2","8,9",,
BE3_76,numerical,,"8,9",,
BE3_77,numerical,,"88,99",,
BE3_78,numerical,,"88,99",,
BE3_85,categorical,"1,2","8,9",,
BE3_86,numerical,,"8,9",,
BE3_87,numerical,,"88,99",,
BE3_88,numerical,,"88,99",,
BE8_1,numerical,,"88,99",,
BE8_2,numerical,,"88,99",,
BE3_31,categorical,"1,2,3,4,5,6,7,8","88,99",,
BE3_32,numerical,,"88,99",,
BE3_33,numerical,,"88,99",,
BE5_1,categorical,"1,2,3,4,5,6","8,9",,
BE9,categorical,"1,2,3,4,5,6,7,8","88,99",,
pa_aerobic,categorical,"0,1",,,
LW_ms,categorical,"1,2,3,4,5,6,7","8,9",,
LW_mp_e,pass,,,,
LW_mp_a,numerical,,"888,999",,80
LW_ms_1,categorical,"1,2,3,4,5","8,9",,
LW_ms_1_e,pass,,,,
LW_ms_a,numerical,,"888,999",,
LW_pr,categorical,"1,2","8,9",,
LW_pr_1,numerical,,"88,99",,
LW_mt,categorical,"1,2","8,9",,
LW_mt_a1,numerical,,"888,999",,
LW_mt_a2,numerical,,"888,999",,
LW_br,categorical,"1,2","8,9",,
LW_br_ch,numerical,,"88,99",,
LW_br_dur,numerical,,"8888,9999",,
LW_br_yy,numerical,,"88,99",,
LW_br_mm,numerical,,"88,99",,
LW_oc,categorical,"1,2","8,9",,
LW_wh,categorical,"1,2","8,9",,
LW_wh_a,numerical,,"888,999",,
LW_wh_dur,numerical,,"8888,9999",,
LW_wh_yy,numerical,,"88,99",,
LW_wh_mm,numerical,,"88,99",,
HE_fst,numerical,,,,
HE_mens,categorical,"0,1",8,,
HE_prg,categorical,"0,1",8,,
HE_dprg,numerical,,,,
HE_fh,categorical,"0,1",9,,
HE_HPfh1,categorical,"0,1",9,,
HE_HPfh2,categorical,"0,1",9,,
HE_HPfh3,categorical,"0,1","8,9",,
HE_HLfh1,categorical,"0,1",9,,
HE_HLfh2,categorical,"0,1",9,,
HE_HLfh3,categorical,"0,1","8,9",,
HE_IHDfh1,categorical,"0,1",9,,
HE_IHDfh2,categorical,"0,1",9,,
HE_IHDfh3,categorical,"0,1","8,9",,
HE_STRfh1,categorical,"0,1",9,,
HE_STRfh2,categorical,"0,1",9,,
HE_STRfh3,categorical,"0,1","8,9",,
HE_DMfh1,categorical,"0,1",9,,
HE_DMfh2,categorical,"0,1",9,,
HE_DMfh3,categorical,"0,1","8,9",,
HE_CNfh11,categorical,"0,1",9,,
HE_CNfh12_1,pass,,,,
HE_CNfh12_2,pass,,,,
HE_CNfh12_3,pass,,,,
HE_CNfh12_4,pass,,,,
HE_CNfh21,categorical,"0,1",9,,
HE_CNfh22_1,pass,,,,
HE_CNfh22_2,pass,,,,
HE_CNfh22_3,pass,,,,
HE_CNfh22_4,pass,,,,
HE_CNfh31,categorical,"0,1","8,9",,
HE_CNfh32_1,pass,,,,
HE_CNfh32_2,pass,,,,
HE_CNfh32_3,pass,,,,
HE_CNfh32_4,pass,,,,
HE_rPLS,categorical,"1,2",,,
HE_PLS_30,numerical,,,,
HE_mPLS,numerical,,,,
HE_nARM,categorical,"1,2",,,
HE_armcir,numerical,,,,
HE_sbp1,numerical,,,,
HE_dbp1,numerical,,,,
HE_sbp2,numerical,,,,
HE_dbp2,numerical,,,,
HE_sbp3,numerical,,,,
HE_dbp3,numerical,,,,
HE_sbp,numerical,,,,
HE_dbp,numerical,,,,
HE_HP,numerical,,,,
HE_ht,numerical,,,,
HE_wt,numerical,,,,
HE_wc,numerical,,,,
HE_nc,numerical,,,,
HE_BMI,numerical,,,,
HE_obe,numerical,,,,
HE_wt_pct,categorical,"1,2,3",,,
HE_BMI_pct,categorical,"1,2,3,4",,,
HE_glu,numerical,,,,
HE_HbA1c,numerical,,,,
HE_DM_HbA1c,numerical,,,,
HE_chol,numerical,,,,
HE_HDL_st2,numerical,,,,
HE_TG,numerical,,,,
HE_LDL_drct,numerical,,,,
HE_HCHOL,numerical,,,,
HE_HTG,numerical,,,,
HE_ast,numerical,,,,
HE_alt,numerical,,,,
HE_alt_etc,pass,,,,
HE_hepaB,categorical,"0,1",,,
HE_hepaC,categorical,"0,1",,,
HE_HB,numerical,,,,
HE_HCT,numerical,,,,
HE_anem,categorical,"0,1",,,
HE_BUN,numerical,,,,
HE_crea,numerical,,,,
HE_WBC,numerical,,,,
HE_RBC,numerical,,,,
HE_Bplt,numerical,,,,
HE_MCV,numerical,,,,
HE_MCH,numerical,,,,
HE_MCHC,numerical,,,,
HE_PTH,numerical,,,,
HE_ALP,numerical,,,,
HE_Uacid,numerical,,,,
HE_hsCRP,numerical,,,,
HE_hsCRP_etc,pass,,,,
HE_Ca,numerical,,,,
HE_P,numerical,,,,
HE_Mg,numerical,,,,
HE_D2,numerical,,,,
HE_D2_etc,pass,,,,
HE_D3,numerical,,,,
HE_D3_3epi,numerical,,,,
HE_D3_3epi_etc,pass,,,,
HE_Uph,numerical,,,,
HE_Unitr,categorical,"0,1",,,
HE_Usg,numerical,,,,
HE_Upro,categorical,"0,1,2,3,4,5",,,
HE_Uglu,categorical,"0,1,2,3,4,5",,,
HE_Uket,categorical,"0,1,2,3,4,5",,,
HE_Ubil,categorical,"0,1,2,3,4,5",,,
HE_Ubld,categorical,"0,1,2,3,4,5",,,
HE_Uro,categorical,"0,1,2,3,4",,,
HE_Ucrea,numerical,,,,
HE_UNa,numerical,,,,
HE_UNa_etc,pass,,,,
HE_Ualb,numerical,,,,
HE_Ualb_etc,pass,,,,
HE_Ukal,numerical,,,,
HE_Ukal_etc,pass,,,,
O_TC,numerical,,,,
O_PROS_U,categorical,"0,1,2,3,4,5",9,,
O_PROS_L,categorical,"0,1,2,3,4,5",9,,
O_IMP_UI,numerical,,,,
O_IMP_UM,numerical,,,,
O_IMP_LI,numerical,,,,
O_IMP_LM,numerical,,,,
O_BR_N_U,numerical,,,,
O_BR_N_L,numerical,,,,
O_DENT_U,categorical,"0,1,2",,,
O_DENT_L,categorical,"0,1,2",,,
O_F,categorical,"0,1,2,3,4,5,7",9,,
OR1,categorical,"1,2,3,4,5",9,,
O_pain,categorical,"0,1",9,,
O_ortho,categorical,"0,1",9,,
BM1_0,categorical,"0,1",9,,
BM1_1,categorical,"0,1","8,9",,
BM1_2,categorical,"0,1","8,9",,
BM1_3,categorical,"0,1","8,9",,
BM1_4,categorical,"0,1","8,9",,
BM1_5,categorical,"0,1","8,9",,
BM1_6,categorical,"0,1","8,9",,
BM1_7,categorical,"0,1","8,9",,
BM1_8,categorical,"0,1","8,9",,
BM2_1,categorical,"0,1","8,9",,
BM2_3,categorical,"0,1","8,9",,
BM2_2,categorical,"0,1","8,9",,
BM2_4,categorical,"0,1","8,9",,
BM2_5,categorical,"0,1","8,9",,
BM13,categorical,"0,1",9,,
BM13_1,categorical,"0,1","8,9",,
BM13_2,categorical,"0,1","8,9",,
BM13_3,categorical,"0,1","8,9",,
BM13_4,categorical,"0,1","8,9",,
BM13_5,categorical,"0,1","8,9",,
BM13_6,pass,,,,
BM7,categorical,"1,2,3,4,5","8,9",,
O_chew_d,categorical,"0,1",,,
BM8,categorical,"1,2,3,4,5","8,9",,
OR1_2,categorical,"0,1",9,,
MO4_00,categorical,"0,1",9,,
MO4_4,categorical,"0,1","8,9",,
MO4_9,categorical,"0,1","8,9",,
MO4_7,categorical,"0,1","8,9",,
MO4_8,categorical,"0,1","8,9",,
MO4_17_1,categorical,"0,1","8,9",,
MO4_17_2,categorical,"0,1","8,9",,
MO4_11,categorical,"0,1","8,9",,
MO4_12,categorical,"0,1","8,9",,
MO4_18,categorical,"0,1","8,9",,
MO4_15,categorical,"0,1","8,9",,
BM14,categorical,"1,2,3",9,,
BM14_1,categorical,"1,2,3,4,5,6,7,8","88,9",,
BM14_2,pass,,,,
GS_use,categorical,"1,2,3",9,,
GS_mea_r_1,numerical,,,,
GS_mea_r_2,numerical,,,,
GS_mea_l_1,numerical,,,,
GS_mea_l_2,numerical,,,,
GS_SP_DXA,numerical,,,,
BIA_ex,categorical,"1,2,3",,,
BIA_FFM,numerical,,,,
BIA_LRA,numerical,,,,
BIA_LLA,numerical,,,,
BIA_LRL,numerical,,,,
BIA_LLL,numerical,,,,
BIA_BFM,numerical,,,,
BIA_PBF,numerical,,,,
BIA_FRA,numerical,,,,
BIA_FLA,numerical,,,,
BIA_FT,numerical,,,,
BIA_FRL,numerical,,,,
BIA_FLL,numerical,,,,
BIA_TBW,numerical,,,,
BIA_ICW,numerical,,,,
BIA_ECW,numerical,,,,
BIA_WBPA50,numerical,,,,
HE_fvc,numerical,,,,
HE_fev1,numerical,,,,
HE_fev1fvc,numerical,,,,
HE_fev6,numerical,,,,
HE_fef25_75,numerical,,,,
HE_pef,numerical,,,,
HE_COPD1,categorical,"0,1",9,,
HE_cough1,categorical,"0,1",,,
HE_cough2,numerical,,,,
HE_sput1,categorical,"0,1",,,
HE_sput2,numerical,,,,
HE_PFTdr,categorical,"0,1",,,
HE_PFTag,numerical,,,,
HE_PFTtr,categorical,"1,2,3",,,
HE_PFThs,categorical,"0,1",,,
T_ex,categorical,1,,,
T_Q_HR,categorical,"1,2,3,4",9,,
T_Q_HR_1,categorical,"1,2,3","8,9",,
T_Q_HR_2,categorical,"1,2,3,4","8,9",,
T_NQ_OCP,categorical,"1,2","8,9",,
T_NQ_PH2,categorical,"1,2,3",9,,
T_NQ_PH2_T,numerical,,,,
T_Q_VN,categorical,"1,2,3","8,9",,
T_Q_VN_1,categorical,"1,2","8,9",,
T_Q_VN_2,numerical,,,,
T_Q_DZ,categorical,"1,2,3","8,9",,
T_Q_DZ2,categorical,"1,2","8,9",,
T_Q_DZ3,categorical,"1,2","8,9",,
T_Q_DZ4,categorical,"1,2","8,9",,
T_Q_DZ5,categorical,"1,2","8,9",,
T_Q_DZ6,categorical,"1,2","8,9",,
T_Q_DZ7,categorical,"1,2","8,9",,
T_Q_CR,categorical,"1,2","8,9",,
T_Q_CR1,categorical,"1,2","8,9",,
T_Q_CR2,categorical,"1,2","8,9",,
T_Q_CR3,categorical,"1,2","8,9",,
T_Q_CR4,categorical,"1,2","8,9",,
T_Q_ALLE,categorical,"1,2","8,9",,
T_Q_SNST1,categorical,"1,2","8,9",,
T_Q_SNST2,categorical,"1,2","8,9",,
T_Q_SNST3,categorical,"1,2","8,9",,
T_Q_SNST4,categorical,"1,2","8,9",,
T_Q_SINU,categorical,"1,2","8,9",,
T_Q_SINU_1,categorical,"1,2","8,9",,
T_Q_VC,categorical,"1,2","8,9",,
T_Q_VC1,categorical,"1,2","8,9",,
T_HR_EX_R,categorical,"0,1",,,
T_HR_EX_R_1,categorical,"1,2,3,4",,,
T_HR_EX_L,categorical,"0,1",,,
T_HR_EX_L_1,categorical,"1,2,3,4",,,
T_HR500_pass,categorical,"0,1",,,
T_HR1000_pass,categorical,"0,1",,,
T_HR2000_pass,categorical,"0,1",,,
T_HR4000_pass,categorical,"0,1",,,
T_HR500_RT,numerical,,,,
T_HR1000_RT,numerical,,,,
T_HR2000_RT,numerical,,,,
T_HR4000_RT,numerical,,,,
T_HR8000_RT,numerical,,,,
T_HR500_LT,numerical,,,,
T_HR1000_LT,numerical,,,,
T_HR2000_LT,numerical,,,,
T_HR4000_LT,numerical,,,,
T_HR8000_LT,numerical,,,,
T_HL_mod,numerical,,,,
T_HL_mild,numerical,,,,
T_IM_EX_R,categorical,"0,1",,,
T_IM_EX_R_1,categorical,"1,2,3,4",,,
T_IM_EX_L,categorical,"0,1",,,
T_IM_EX_L_1,categorical,"1,2,3,4",,,
T_IM_A_R,categorical,"0,1",,,
T_IM_A_L,categorical,"0,1",,,
T_IM_B_R,categorical,"0,1",,,
T_IM_B_L,categorical,"0,1",,,
T_IM_C_R,categorical,"0,1",,,
T_IM_C_L,categorical,"0,1",,,
T_IM_FL_R,categorical,"0,1",,,
T_IM_FL_L,categorical,"0,1",,,
T_Tymp_Dis,categorical,"0,1",,,
E_ex,categorical,1,,,
E_Q_EX,categorical,"1,2,3,4,5",9,,
E_RT,categorical,"1,2,3,4",9,,
E_CT,categorical,"1,2,3,4",9,,
E_EXC_1,categorical,"1,2,3,4",9,,
E_Cr_m,categorical,"1,2","8,9",,
E_Cr_1,categorical,"1,2,3,4,5,6,7,8,9,10,11,12,13,14,15,16","88,99",,
E_Cl_m,categorical,"1,2","8,9",,
E_Cl_1,categorical,"1,2,3,4,5,6,7,8,9,10,11,12,13,14,15,16","88,99",,
E_Dr_dsph,numerical,,,,
E_Dr_dcyl,numerical,,,,
E_Dr_a,numerical,,,,
E_Dr_2_1,categorical,"1,2,3,4,5,6,7,8,9,10,11,12,13,14,15,16","88,99",,
E_Dl_dsph,numerical,,,,
E_Dl_dcyl,numerical,,,,
E_Dl_a,numerical,,,,
E_Dl_2_1,categorical,"1,2,3,4,5,6,7,8,9,10,11,12,13,14,15,16","88,99",,
DXW_ex,categorical,"1,2",3,,
DX_Q_dxa,categorical,"1,2","8,9",,
DX_Q_fall,categorical,"1,2","8,9",,
DX_Q_fnm,numerical,,,,
DX2_dg,categorical,"1,2","8,9",,
DX2_1,multi_label_categorical,"1,2,3,4,5,8,9",,,
DX2_2,categorical,"1,2","8,9",,
DX_Q_st,categorical,"1,2","3,8,9",,
DX_Q_hsty,categorical,"1,2,3,4","5,8,9",,
DX_TFM_A,numerical,,,,
DX_TFM_BMC,numerical,,,,
DX_TFM_BMD,numerical,,,,
DX_TR_A,numerical,,,,
DX_TR_BMC,numerical,,,,
DX_TR_BMD,numerical,,,,
DX_IT_A,numerical,,,,
DX_IT_BMC,numerical,,,,
DX_IT_BMD,numerical,,,,
DX_NK_A,numerical,,,,
DX_NK_BMC,numerical,,,,
DX_NK_BMD,numerical,,,,
DX_WD_A,numerical,,,,
DX_WD_BMC,numerical,,,,
DX_WD_BMD,numerical,,,,
DX_LSP_A,numerical,,,,
DX_LSP_BMC,numerical,,,,
DX_LSP_BMD,numerical,,,,
DX_L1_A,numerical,,,,
DX_L1_BMC,numerical,,,,
DX_L1_BMD,numerical,,,,
DX_L2_A,numerical,,,,
DX_L2_BMC,numerical,,,,
DX_L2_BMD,numerical,,,,
DX_L3_A,numerical,,,,
DX_L3_BMC,numerical,,,,
DX_L3_BMD,numerical,,,,
DX_L4_A,numerical,,,,
DX_L4_BMC,numerical,,,,
DX_L4_BMD,numerical,,,,
DX_F_Ts_A,numerical,,,,
DX_FN_Ts_A,numerical,,,,
DX_F_Zs_A,numerical,,,,
DX_FN_Zs_A,numerical,,,,
DX_S1_Ts_A,numerical,,,,
DX_S2_Ts_A,numerical,,,,
DX_S3_Ts_A,numerical,,,,
DX_S4_Ts_A,numerical,,,,
DX_S_Ts_A,numerical,,,,
DX_S_Zs_A,numerical,,,,
DX_OST,categorical,"1,2,3",,,
DX_HAL,numerical,,,,
DX_NK_CSA,numerical,,,,
DX_NK_WD,numerical,,,,
DX_NK_CTK,numerical,,,,
DX_IT_CSA,numerical,,,,
DX_IT_WD,numerical,,,,
DX_IT_CTK,numerical,,,,
DX_FS_CSA,numerical,,,,
DX_FS_WD,numerical,,,,
DX_FS_CTK,numerical,,,,
DX_NS_ANG,numerical,,,,
DW_HD_A,numerical,,,,
DW_HD_BMC,numerical,,,,
DW_HD_BMD,numerical,,,,
DW_Lrm_A,numerical,,,,
DW_Lrm_BMC,numerical,,,,
DW_Lrm_BMD,numerical,,,,
DW_Rrm_A,numerical,,,,
DW_Rrm_BMC,numerical,,,,
DW_Rrm_BMD,numerical,,,,
DW_Lrb_A,numerical,,,,
DW_Lrb_BMC,numerical,,,,
DW_Lrb_BMD,numerical,,,,
DW_Rrb_A,numerical,,,,
DW_Rrb_BMC,numerical,,,,
DW_Rrb_BMD,numerical,,,,
DW_TS_A,numerical,,,,
DW_TS_BMC,numerical,,,,
DW_TS_BMD,numerical,,,,
DW_LS_A,numerical,,,,
DW_LS_BMC,numerical,,,,
DW_LS_BMD,numerical,,,,
DW_plv_A,numerical,,,,
DW_plv_BMC,numerical,,,,
DW_plv_BMD,numerical,,,,
DW_Llg_A,numerical,,,,
DW_Llg_BMC,numerical,,,,
DW_Llg_BMD,numerical,,,,
DW_Rlg_A,numerical,,,,
DW_Rlg_BMC,numerical,,,,
DW_Rlg_BMD,numerical,,,,
DW_SBT_A,numerical,,,,
DW_SBT_BMC,numerical,,,,
DW_SBT_BMD,numerical,,,,
DW_WBT_A,numerical,,,,
DW_WBT_BMC,numerical,,,,
DW_WBT_BMD,numerical,,,,
DW_HD_FT,numerical,,,,
DW_HD_LN,numerical,,,,
DW_HD_MS,numerical,,,,
DW_HD_pFT,numerical,,,,
DW_Lrm_FT,numerical,,,,
DW_Lrm_LN,numerical,,,,
DW_Lrm_MS,numerical,,,,
DW_Lrm_pFT,numerical,,,,
DW_Rrm_FT,numerical,,,,
DW_Rrm_LN,numerical,,,,
DW_Rrm_MS,numerical,,,,
DW_Rrm_pFT,numerical,,,,
DW_Trk_FT,numerical,,,,
DW_Trk_LN,numerical,,,,
DW_Trk_MS,numerical,,,,
DW_Trk_pFT,numerical,,,,
DW_Llg_FT,numerical,,,,
DW_Llg_LN,numerical,,,,
DW_Llg_MS,numerical,,,,
DW_Llg_pFT,numerical,,,,
DW_Rlg_FT,numerical,,,,
DW_Rlg_LN,numerical,,,,
DW_Rlg_MS,numerical,,,,
DW_Rlg_pFT,numerical,,,,
DW_SBT_FT,numerical,,,,
DW_SBT_LN,numerical,,,,
DW_SBT_MS,numerical,,,,
DW_SBT_pFT,numerical,,,,
DW_WBT_FT,numerical,,,,
DW_WBT_LN,numerical,,,,
DW_WBT_MS,numerical,,,,
DW_WBT_pFT,numerical,,,,
L_BR,categorical,"1,0",,,
L_LN,categorical,"1,0",,,
L_DN,categorical,"1,0",,,
L_BR_FQ,categorical,"1,2,3,4",9,,
L_LN_FQ,categorical,"1,2,3,4",9,,
L_DN_FQ,categorical,"1,2,3,4",9,,
L_BR_TO,categorical,"1,2","3,9",,
L_BR_WHO,categorical,"1,2","8,9",,
L_LN_TO,categorical,"1,2","3,9",,
L_LN_WHO,categorical,"1,2","8,9",,
L_DN_TO,categorical,"1,2","3,9",,
L_DN_WHO,categorical,"1,2","8,9",,
L_OUT_FQ,categorical,"1,2,3,4,5,6,7",9,,
LS_VEG1,categorical,"1,2,3,4,5,6,7,8,9",99,,
LS_VEG2,categorical,"1,2,3,4,5,6,7,8,9",99,,
LS_FRUIT,categorical,"1,2,3,4,5,6,7,8,9",99,,
LS_1YR,categorical,"1,2",9,,
LK_EDU,categorical,"1,2","3,9",,
LK_LB_CO,categorical,"1,2","3,9",,
LK_LB_US,categorical,"1,2","8,9",,
LK_LB_IT,categorical,"1,2,3,4,5,6,7,8,9,10","88,99",,
LK_LB_EF,categorical,"1,2","8,9",,
Y_BTH_WT,numerical,,999,,
Y_MTM_YN,categorical,"1,2",9,,
Y_MTM_S1,numerical,,"888,999",,
Y_MTM_S2,numerical,,"888,999",,
Y_MTM_D1,numerical,,"888,999",,
Y_MTM_D2,numerical,,"888,999",,
Y_FM_YN,categorical,"1,2",9,,
Y_FM_S1,numerical,,"888,999",,
Y_FM_S2,numerical,,"888,999",,
Y_FM_D1,numerical,,"888,999",,
Y_FM_D2,numerical,,"888,999",,
Y_MLK_ST,numerical,,"888,999",,
Y_WN_ST,numerical,,"888,999",,
Y_SUP_YN,categorical,"1,2",9,,
Y_SUP_KD1,categorical,"0,1",8,,
Y_SUP_KD3,categorical,"0,1",8,,
Y_SUP_KD4,categorical,"0,1",8,,
Y_SUP_KD7,categorical,"0,1",8,,
N_DIET,categorical,"1,2",9,,
N_DIET_WHY,categorical,"1,2,3","8,9",,
N_DT_DS,pass,,,,
N_DT_ETC,pass,,,,
N_DUSUAL,categorical,"1,2,3",9,,
N_WAT_C,numerical,,,,
N_BF,categorical,"1,2",8,,
N_BFD_Y,categorical,"1,2",8,,
N_DAY,categorical,"월요일,화요일,수요일,목요일,금요일,토요일,일요일",,,
N_MEAL,categorical,"1,2,3,4",,,
N_MEAL_T,numerical,,,,
N_MEAL_P,categorical,"1,2,5,7,11,98",99,,
N_MTYPE,categorical,"1,5,12,14,21",99,,
N_MEAL_W,categorical,"1,2,3",9,,
N_DNAME,pass,,,,
N_DCODE,pass,,,,
N_CD_VOL,numerical,,,,
N_CD_WT,numerical,,,,
N_TD_VOL,numerical,,,,
N_TD_WT,numerical,,,,
N_FCODE,pass,,,,
N_FNAME,pass,,,,
N_FD_NS,pass,,,,
N_FM_WT,numerical,,,,
N_PRODUCT,pass,,,,
N_CNAME,pass,,,,
N_AP,categorical,"1,2",,,
N_KINDG1,categorical,"01,02,03,04,05,06,07,08,09,11,12,13,15,16,17,18,19,20,21,22",,,
N_FCODE3,pass,,,,
N_FNAME3,pass,,,,
NF_INTK,numerical,,,,
NF_INTK3,numerical,,,,
NF_EN,numerical,,,,
NF_WATER,numerical,,,,
NF_PROT,numerical,,,,
NF_FAT,numerical,,,,
NF_SFA,numerical,,,,
NF_MUFA,numerical,,,,
NF_PUFA,numerical,,,,
NF_N3,numerical,,,,
NF_N6,numerical,,,,
NF_10_0,numerical,,,,
NF_12_0,numerical,,,,
NF_14_0,numerical,,,,
NF_16_0,numerical,,,,
NF_18_0,numerical,,,,
NF_20_0,numerical,,,,
NF_22_0,numerical,,,,
NF_24_0,numerical,,,,
NF_14_1,numerical,,,,
NF_16_1,numerical,,,,
NF_18_1,numerical,,,,
NF_20_1,numerical,,,,
NF_22_1,numerical,,,,
NF_24_1,numerical,,,,
NF_18_2N6,numerical,,,,
NF_18_3N3,numerical,,,,
NF_18_3N6,numerical,,,,
NF_18_4,numerical,,,,
NF_20_2,numerical,,,,
NF_20_3N6,numerical,,,,
NF_20_4N6,numerical,,,,
NF_20_5N3,numerical,,,,
NF_22_2,numerical,,,,
NF_22_5,numerical,,,,
NF_22_6N3,numerical,,,,
NF_CHOL,numerical,,,,
NF_CHO,numerical,,,,
NF_TDF,numerical,,,,
NF_SUGAR,numerical,,,,
NF_CA,numerical,,,,
NF_PHOS,numerical,,,,
NF_NA,numerical,,,,
NF_K,numerical,,,,
NF_MG,numerical,,,,
NF_FE,numerical,,,,
NF_ZN,numerical,,,,
NF_VA_RAE,numerical,,,,
NF_VITD,numerical,,,,
NF_VITE,numerical,,,,
NF_CAROT,numerical,,,,
NF_RETIN,numerical,,,,
NF_B1,numerical,,,,
NF_B2,numerical,,,,
NF_NIAC,numerical,,,,
NF_FOLATE,numerical,,,,
NF_VITC,numerical,,,,
N_INTK,numerical,,,,
N_EN,numerical,,,,
N_WATER,numerical,,,,
N_PROT,numerical,,,,
N_FAT,numerical,,,,
N_SFA,numerical,,,,
N_MUFA,numerical,,,,
N_PUFA,numerical,,,,
N_N3,numerical,,,,
N_N6,numerical,,,,
N_CHOL,numerical,,,,
N_CHO,numerical,,,,
N_TDF,numerical,,,,
N_SUGAR,numerical,,,,
N_CA,numerical,,,,
N_PHOS,numerical,,,,
N_NA,numerical,,,,
N_K,numerical,,,,
N_MG,numerical,,,,
N_FE,numerical,,,,
N_ZN,numerical,,,,
N_VA_RAE,numerical,,,,
N_VITD,numerical,,,,
N_VITE,numerical,,,,
N_CAROT,numerical,,,,
N_RETIN,numerical,,,,
N_B1,numerical,,,,
N_B2,numerical,,,,
N_NIAC,numerical,,,,
N_FOLATE,numerical,,,,
N_VITC,numerical,,,,
LF_secur_y,categorical,1,,,
LF_BUYER,categorical,"1,2",9,,
LF_SAFE,categorical,"1,2,3,4",9,,
