column_name,source_variable,source_type,feature_type,rawdata,default_value,column_index
cfam__1,cfam,categorical,one_hot,1,0.0,0
cfam__2,cfam,categorical,one_hot,2,0.0,1
cfam__3,cfam,categorical,one_hot,3,0.0,2
cfam__4,cfam,categorical,one_hot,4,0.0,3
cfam__5,cfam,categorical,one_hot,5,0.0,4
cfam__6,cfam,categorical,one_hot,6,0.0,5
genertn__1,genertn,categorical,one_hot,1,0.0,6
genertn__2,genertn,categorical,one_hot,2,0.0,7
genertn__3,genertn,categorical,one_hot,3,0.0,8
genertn__4,genertn,categorical,one_hot,4,0.0,9
genertn__5,genertn,categorical,one_hot,5,0.0,10
genertn__6,genertn,categorical,one_hot,6,0.0,11
genertn__7,genertn,categorical,one_hot,7,0.0,12
allownc__10,allownc,categorical,one_hot,10,0.0,13
allownc__20,allownc,categorical,one_hot,20,0.0,14
house__1,house,categorical,one_hot,1,0.0,15
house__2,house,categorical,one_hot,2,0.0,16
house__3,house,categorical,one_hot,3,0.0,17
live_t__1,live_t,categorical,one_hot,1,0.0,18
live_t__2,live_t,categorical,one_hot,2,0.0,19
live_t__3,live_t,categorical,one_hot,3,0.0,20
live_t__4,live_t,categorical,one_hot,4,0.0,21
ainc__value,ainc,numerical,continuous,raw_value,0.0,22
marri_1__1,marri_1,categorical,one_hot,1,0.0,23
marri_1__2,marri_1,categorical,one_hot,2,0.0,24
marri_2__1,marri_2,categorical,one_hot,1,0.0,25
marri_2__2,marri_2,categorical,one_hot,2,0.0,26
marri_2__3,marri_2,categorical,one_hot,3,0.0,27
marri_2__4,marri_2,categorical,one_hot,4,0.0,28
fam_rela__1,fam_rela,categorical,one_hot,1,0.0,29
fam_rela__2,fam_rela,categorical,one_hot,2,0.0,30
fam_rela__3,fam_rela,categorical,one_hot,3,0.0,31
fam_rela__4,fam_rela,categorical,one_hot,4,0.0,32
fam_rela__5,fam_rela,categorical,one_hot,5,0.0,33
fam_rela__6,fam_rela,categorical,one_hot,6,0.0,34
fam_rela__7,fam_rela,categorical,one_hot,7,0.0,35
fam_rela__8,fam_rela,categorical,one_hot,8,0.0,36
fam_rela__9,fam_rela,categorical,one_hot,9,0.0,37
fam_rela__10,fam_rela,categorical,one_hot,10,0.0,38
tins__10,tins,categorical,one_hot,10,0.0,39
tins__20,tins,categorical,one_hot,20,0.0,40
tins__30,tins,categorical,one_hot,30,0.0,41
npins__1,npins,categorical,one_hot,1,0.0,42
npins__2,npins,categorical,one_hot,2,0.0,43
D_1_1__1,D_1_1,categorical,one_hot,1,0.0,44
D_1_1__2,D_1_1,categorical,one_hot,2,0.0,45
D_1_1__3,D_1_1,categorical,one_hot,3,0.0,46
D_1_1__4,D_1_1,categorical,one_hot,4,0.0,47
D_1_1__5,D_1_1,categorical,one_hot,5,0.0,48
D_2_1__1,D_2_1,categorical,one_hot,1,0.0,49
D_2_1__2,D_2_1,categorical,one_hot,2,0.0,50
D_2_wk__value,D_2_wk,numerical,continuous,raw_value,0.0,51
DI1_dg__0,DI1_dg,categorical,one_hot,0,0.0,52
DI1_dg__1,DI1_dg,categorical,one_hot,1,0.0,53
DI1_ag__value,DI1_ag,numerical,continuous,raw_value,0.0,54
DI1_pr__0,DI1_pr,categorical,one_hot,0,0.0,55
DI1_pr__1,DI1_pr,categorical,one_hot,1,0.0,56
DI1_pt__0,DI1_pt,categorical,one_hot,0,0.0,57
DI1_pt__1,DI1_pt,categorical,one_hot,1,0.0,58
DI1_2__1,DI1_2,categorical,one_hot,1,0.0,59
DI1_2__2,DI1_2,categorical,one_hot,2,0.0,60
DI1_2__3,DI1_2,categorical,one_hot,3,0.0,61
DI1_2__4,DI1_2,categorical,one_hot,4,0.0,62
DI1_2__5,DI1_2,categorical,one_hot,5,0.0,63
DI2_dg__0,DI2_dg,categorical,one_hot,0,0.0,64
DI2_dg__1,DI2_dg,categorical,one_hot,1,0.0,65
DI2_ag__value,DI2_ag,numerical,continuous,raw_value,0.0,66
DI2_pr__0,DI2_pr,categorical,one_hot,0,0.0,67
DI2_pr__1,DI2_pr,categorical,one_hot,1,0.0,68
DI2_pt__0,DI2_pt,categorical,one_hot,0,0.0,69
DI2_pt__1,DI2_pt,categorical,one_hot,1,0.0,70
DI2_2__1,DI2_2,categorical,one_hot,1,0.0,71
DI2_2__2,DI2_2,categorical,one_hot,2,0.0,72
DI2_2__3,DI2_2,categorical,one_hot,3,0.0,73
DI2_2__4,DI2_2,categorical,one_hot,4,0.0,74
DI2_2__5,DI2_2,categorical,one_hot,5,0.0,75
DE1_dg__0,DE1_dg,categorical,one_hot,0,0.0,76
DE1_dg__1,DE1_dg,categorical,one_hot,1,0.0,77
DE1_ag__value,DE1_ag,numerical,continuous,raw_value,0.0,78
DE1_pr__0,DE1_pr,categorical,one_hot,0,0.0,79
DE1_pr__1,DE1_pr,categorical,one_hot,1,0.0,80
DE1_pt__0,DE1_pt,categorical,one_hot,0,0.0,81
DE1_pt__1,DE1_pt,categorical,one_hot,1,0.0,82
DE1_3__1,DE1_3,categorical,one_hot,1,0.0,83
DE1_3__2,DE1_3,categorical,one_hot,2,0.0,84
DE1_31__0,DE1_31,categorical,one_hot,0,0.0,85
DE1_31__1,DE1_31,categorical,one_hot,1,0.0,86
DE1_32__0,DE1_32,categorical,one_hot,0,0.0,87
DE1_32__1,DE1_32,categorical,one_hot,1,0.0,88
DE1_33__0,DE1_33,categorical,one_hot,0,0.0,89
DE1_33__1,DE1_33,categorical,one_hot,1,0.0,90
DE1_34__0,DE1_34,categorical,one_hot,0,0.0,91
DE1_34__1,DE1_34,categorical,one_hot,1,0.0,92
DE1_4__1,DE1_4,categorical,one_hot,1,0.0,93
DE1_4__2,DE1_4,categorical,one_hot,2,0.0,94
DN1_dg__0,DN1_dg,categorical,one_hot,0,0.0,95
DN1_dg__1,DN1_dg,categorical,one_hot,1,0.0,96
DN1_pt__0,DN1_pt,categorical,one_hot,0,0.0,97
DN1_pt__1,DN1_pt,categorical,one_hot,1,0.0,98
DI3_dg__0,DI3_dg,categorical,one_hot,0,0.0,99
DI3_dg__1,DI3_dg,categorical,one_hot,1,0.0,100
DI3_ag__value,DI3_ag,numerical,continuous,raw_value,0.0,101
DI3_2__1,DI3_2,categorical,one_hot,1,0.0,102
DI3_2__2,DI3_2,categorical,one_hot,2,0.0,103
DI3_2__3,DI3_2,categorical,one_hot,3,0.0,104
DI4_dg__0,DI4_dg,categorical,one_hot,0,0.0,105
DI4_dg__1,DI4_dg,categorical,one_hot,1,0.0,106
DI5_dg__0,DI5_dg,categorical,one_hot,0,0.0,107
DI5_dg__1,DI5_dg,categorical,one_hot,1,0.0,108
DI5_ag__value,DI5_ag,numerical,continuous,raw_value,0.0,109
DI6_dg__0,DI6_dg,categorical,one_hot,0,0.0,110
DI6_dg__1,DI6_dg,categorical,one_hot,1,0.0,111
DI6_ag__value,DI6_ag,numerical,continuous,raw_value,0.0,112
DJ2_dg__0,DJ2_dg,categorical,one_hot,0,0.0,113
DJ2_dg__1,DJ2_dg,categorical,one_hot,1,0.0,114
DJ2_ag__value,DJ2_ag,numerical,continuous,raw_value,0.0,115
DC01_dg__0,DC01_dg,categorical,one_hot,0,0.0,116
DC01_dg__1,DC01_dg,categorical,one_hot,1,0.0,117
DC01__1,DC01,categorical,one_hot,1,0.0,118
DC01__2,DC01,categorical,one_hot,2,0.0,119
DC01__3,DC01,categorical,one_hot,3,0.0,120
DC01__4,DC01,categorical,one_hot,4,0.0,121
DC01__5,DC01,categorical,one_hot,5,0.0,122
DC01__6,DC01,categorical,one_hot,6,0.0,123
DC01__7,DC01,categorical,one_hot,7,0.0,124
DC01_ag__value,DC01_ag,numerical,continuous,raw_value,0.0,125
DJ4_dg__0,DJ4_dg,categorical,one_hot,0,0.0,126
DJ4_dg__1,DJ4_dg,categorical,one_hot,1,0.0,127
DJ4_ag__value,DJ4_ag,numerical,continuous,raw_value,0.0,128
DJ4_3__1,DJ4_3,categorical,one_hot,1,0.0,129
DJ4_3__2,DJ4_3,categorical,one_hot,2,0.0,130
DJ4_3__3,DJ4_3,categorical,one_hot,3,0.0,131
DL1_dg__0,DL1_dg,categorical,one_hot,0,0.0,132
DL1_dg__1,DL1_dg,categorical,one_hot,1,0.0,133
DL1_ag__value,DL1_ag,numerical,continuous,raw_value,0.0,134
DJ8_dg__0,DJ8_dg,categorical,one_hot,0,0.0,135
DJ8_dg__1,DJ8_dg,categorical,one_hot,1,0.0,136
DJ8_ag__value,DJ8_ag,numerical,continuous,raw_value,0.0,137
DM4_dg__0,DM4_dg,categorical,one_hot,0,0.0,138
DM4_dg__1,DM4_dg,categorical,one_hot,1,0.0,139
DM4_ag__value,DM4_ag,numerical,continuous,raw_value,0.0,140
DM4_pt__0,DM4_pt,categorical,one_hot,0,0.0,141
DM4_pt__1,DM4_pt,categorical,one_hot,1,0.0,142
M_2_yr__1,M_2_yr,categorical,one_hot,1,0.0,143
M_2_yr__2,M_2_yr,categorical,one_hot,2,0.0,144
M_2_yr__3,M_2_yr,categorical,one_hot,3,0.0,145
M_2_rs__1,M_2_rs,categorical,one_hot,1,0.0,146
M_2_rs__2,M_2_rs,categorical,one_hot,2,0.0,147
M_2_rs__3,M_2_rs,categorical,one_hot,3,0.0,148
M_2_rs__4,M_2_rs,categorical,one_hot,4,0.0,149
M_2_rs__5,M_2_rs,categorical,one_hot,5,0.0,150
M_2_rs__6,M_2_rs,categorical,one_hot,6,0.0,151
M_2_rs__7,M_2_rs,categorical,one_hot,7,0.0,152
M_2_rs__8,M_2_rs,categorical,one_hot,8,0.0,153
mt_nontrt__0,mt_nontrt,categorical,one_hot,0,0.0,154
mt_nontrt__1,mt_nontrt,categorical,one_hot,1,0.0,155
M_HL_1__1,M_HL_1,categorical,one_hot,1,0.0,156
M_HL_1__2,M_HL_1,categorical,one_hot,2,0.0,157
M_HL_1__3,M_HL_1,categorical,one_hot,3,0.0,158
M_HL_1__4,M_HL_1,categorical,one_hot,4,0.0,159
M_HL_2__1,M_HL_2,categorical,one_hot,1,0.0,160
M_HL_2__2,M_HL_2,categorical,one_hot,2,0.0,161
M_HL_2__3,M_HL_2,categorical,one_hot,3,0.0,162
M_HL_2__4,M_HL_2,categorical,one_hot,4,0.0,163
M_HL_3__1,M_HL_3,categorical,one_hot,1,0.0,164
M_HL_3__2,M_HL_3,categorical,one_hot,2,0.0,165
M_HL_3__3,M_HL_3,categorical,one_hot,3,0.0,166
M_HL_3__4,M_HL_3,categorical,one_hot,4,0.0,167
M_HL_4__1,M_HL_4,categorical,one_hot,1,0.0,168
M_HL_4__2,M_HL_4,categorical,one_hot,2,0.0,169
M_HL_4__3,M_HL_4,categorical,one_hot,3,0.0,170
M_HL_4__4,M_HL_4,categorical,one_hot,4,0.0,171
M_HL_5__1,M_HL_5,categorical,one_hot,1,0.0,172
M_HL_5__2,M_HL_5,categorical,one_hot,2,0.0,173
M_HL_5__3,M_HL_5,categorical,one_hot,3,0.0,174
M_HL_5__4,M_HL_5,categorical,one_hot,4,0.0,175
M_HL_6__1,M_HL_6,categorical,one_hot,1,0.0,176
M_HL_6__2,M_HL_6,categorical,one_hot,2,0.0,177
M_HL_6__3,M_HL_6,categorical,one_hot,3,0.0,178
M_HL_6__4,M_HL_6,categorical,one_hot,4,0.0,179
M_HL_7__1,M_HL_7,categorical,one_hot,1,0.0,180
M_HL_7__2,M_HL_7,categorical,one_hot,2,0.0,181
M_HL_7__3,M_HL_7,categorical,one_hot,3,0.0,182
M_HL_7__4,M_HL_7,categorical,one_hot,4,0.0,183
M_HL_8__1,M_HL_8,categorical,one_hot,1,0.0,184
M_HL_8__2,M_HL_8,categorical,one_hot,2,0.0,185
M_HL_8__3,M_HL_8,categorical,one_hot,3,0.0,186
M_HL_8__4,M_HL_8,categorical,one_hot,4,0.0,187
M_HL_9__1,M_HL_9,categorical,one_hot,1,0.0,188
M_HL_9__2,M_HL_9,categorical,one_hot,2,0.0,189
M_HL_9__3,M_HL_9,categorical,one_hot,3,0.0,190
M_HL_9__4,M_HL_9,categorical,one_hot,4,0.0,191
M_HL_10__1,M_HL_10,categorical,one_hot,1,0.0,192
M_HL_10__2,M_HL_10,categorical,one_hot,2,0.0,193
M_HL_10__3,M_HL_10,categorical,one_hot,3,0.0,194
M_HL_10__4,M_HL_10,categorical,one_hot,4,0.0,195
M_HL_S__value,M_HL_S,numerical,continuous,raw_value,0.0,196
M_HL_11__1,M_HL_11,categorical,one_hot,1,0.0,197
M_HL_11__2,M_HL_11,categorical,one_hot,2,0.0,198
M_HL_11__3,M_HL_11,categorical,one_hot,3,0.0,199
M_HL_11__4,M_HL_11,categorical,one_hot,4,0.0,200
BH9_11__1,BH9_11,categorical,one_hot,1,0.0,201
BH9_11__2,BH9_11,categorical,one_hot,2,0.0,202
BH1__1,BH1,categorical,one_hot,1,0.0,203
BH1__2,BH1,categorical,one_hot,2,0.0,204
BH2_61__1,BH2_61,categorical,one_hot,1,0.0,205
BH2_61__2,BH2_61,categorical,one_hot,2,0.0,206
LQ4_00__1,LQ4_00,categorical,one_hot,1,0.0,207
LQ4_00__2,LQ4_00,categorical,one_hot,2,0.0,208
LQ4_01__0,LQ4_01,categorical,one_hot,0,0.0,209
LQ4_01__1,LQ4_01,categorical,one_hot,1,0.0,210
LQ4_02__0,LQ4_02,categorical,one_hot,0,0.0,211
LQ4_02__1,LQ4_02,categorical,one_hot,1,0.0,212
LQ4_03__0,LQ4_03,categorical,one_hot,0,0.0,213
LQ4_03__1,LQ4_03,categorical,one_hot,1,0.0,214
LQ4_04__0,LQ4_04,categorical,one_hot,0,0.0,215
LQ4_04__1,LQ4_04,categorical,one_hot,1,0.0,216
LQ4_05__0,LQ4_05,categorical,one_hot,0,0.0,217
LQ4_05__1,LQ4_05,categorical,one_hot,1,0.0,218
LQ4_06__0,LQ4_06,categorical,one_hot,0,0.0,219
LQ4_06__1,LQ4_06,categorical,one_hot,1,0.0,220
LQ4_07__0,LQ4_07,categorical,one_hot,0,0.0,221
LQ4_07__1,LQ4_07,categorical,one_hot,1,0.0,222
LQ4_08__0,LQ4_08,categorical,one_hot,0,0.0,223
LQ4_08__1,LQ4_08,categorical,one_hot,1,0.0,224
LQ4_09__0,LQ4_09,categorical,one_hot,0,0.0,225
LQ4_09__1,LQ4_09,categorical,one_hot,1,0.0,226
LQ4_10__0,LQ4_10,categorical,one_hot,0,0.0,227
LQ4_10__1,LQ4_10,categorical,one_hot,1,0.0,228
LQ4_11__0,LQ4_11,categorical,one_hot,0,0.0,229
LQ4_11__1,LQ4_11,categorical,one_hot,1,0.0,230
LQ4_12__0,LQ4_12,categorical,one_hot,0,0.0,231
LQ4_12__1,LQ4_12,categorical,one_hot,1,0.0,232
LQ4_13__0,LQ4_13,categorical,one_hot,0,0.0,233
LQ4_13__1,LQ4_13,categorical,one_hot,1,0.0,234
LQ4_14__0,LQ4_14,categorical,one_hot,0,0.0,235
LQ4_14__1,LQ4_14,categorical,one_hot,1,0.0,236
LQ4_15__0,LQ4_15,categorical,one_hot,0,0.0,237
LQ4_15__1,LQ4_15,categorical,one_hot,1,0.0,238
LQ4_16__0,LQ4_16,categorical,one_hot,0,0.0,239
LQ4_16__1,LQ4_16,categorical,one_hot,1,0.0,240
LQ4_21__0,LQ4_21,categorical,one_hot,0,0.0,241
LQ4_21__1,LQ4_21,categorical,one_hot,1,0.0,242
LQ4_22__0,LQ4_22,categorical,one_hot,0,0.0,243
LQ4_22__1,LQ4_22,categorical,one_hot,1,0.0,244
LQ4_25__0,LQ4_25,categorical,one_hot,0,0.0,245
LQ4_25__1,LQ4_25,categorical,one_hot,1,0.0,246
LQ4_26__0,LQ4_26,categorical,one_hot,0,0.0,247
LQ4_26__1,LQ4_26,categorical,one_hot,1,0.0,248
LQ4_27__0,LQ4_27,categorical,one_hot,0,0.0,249
LQ4_27__1,LQ4_27,categorical,one_hot,1,0.0,250
LQ4_28__0,LQ4_28,categorical,one_hot,0,0.0,251
LQ4_28__1,LQ4_28,categorical,one_hot,1,0.0,252
LQ4_29__0,LQ4_29,categorical,one_hot,0,0.0,253
LQ4_29__1,LQ4_29,categorical,one_hot,1,0.0,254
LQ4_23__0,LQ4_23,categorical,one_hot,0,0.0,255
LQ4_23__1,LQ4_23,categorical,one_hot,1,0.0,256
LQ1_sb__1,LQ1_sb,categorical,one_hot,1,0.0,257
LQ1_sb__2,LQ1_sb,categorical,one_hot,2,0.0,258
LQ1_mn__value,LQ1_mn,numerical,continuous,raw_value,0.0,259
LQ2_ab__1,LQ2_ab,categorical,one_hot,1,0.0,260
LQ2_ab__2,LQ2_ab,categorical,one_hot,2,0.0,261
LQ2_mn__value,LQ2_mn,numerical,continuous,raw_value,0.0,262
LQ_1EQL__1,LQ_1EQL,categorical,one_hot,1,0.0,263
LQ_1EQL__2,LQ_1EQL,categorical,one_hot,2,0.0,264
LQ_1EQL__3,LQ_1EQL,categorical,one_hot,3,0.0,265
LQ_2EQL__1,LQ_2EQL,categorical,one_hot,1,0.0,266
LQ_2EQL__2,LQ_2EQL,categorical,one_hot,2,0.0,267
LQ_2EQL__3,LQ_2EQL,categorical,one_hot,3,0.0,268
LQ_3EQL__1,LQ_3EQL,categorical,one_hot,1,0.0,269
LQ_3EQL__2,LQ_3EQL,categorical,one_hot,2,0.0,270
LQ_3EQL__3,LQ_3EQL,categorical,one_hot,3,0.0,271
LQ_4EQL__1,LQ_4EQL,categorical,one_hot,1,0.0,272
LQ_4EQL__2,LQ_4EQL,categorical,one_hot,2,0.0,273
LQ_4EQL__3,LQ_4EQL,categorical,one_hot,3,0.0,274
LQ_5EQL__1,LQ_5EQL,categorical,one_hot,1,0.0,275
LQ_5EQL__2,LQ_5EQL,categorical,one_hot,2,0.0,276
LQ_5EQL__3,LQ_5EQL,categorical,one_hot,3,0.0,277
EQ5D__value,EQ5D,numerical,continuous,raw_value,0.0,278
LQ_LF1__0,LQ_LF1,categorical,one_hot,0,0.0,279
LQ_LF1__1,LQ_LF1,categorical,one_hot,1,0.0,280
LQ_LF1__2,LQ_LF1,categorical,one_hot,2,0.0,281
LQ_LF1__3,LQ_LF1,categorical,one_hot,3,0.0,282
LQ_LF1__4,LQ_LF1,categorical,one_hot,4,0.0,283
LQ_LF2__0,LQ_LF2,categorical,one_hot,0,0.0,284
LQ_LF2__1,LQ_LF2,categorical,one_hot,1,0.0,285
LQ_LF2__2,LQ_LF2,categorical,one_hot,2,0.0,286
LQ_LF2__3,LQ_LF2,categorical,one_hot,3,0.0,287
LQ_LF2__4,LQ_LF2,categorical,one_hot,4,0.0,288
LQ_LF3__0,LQ_LF3,categorical,one_hot,0,0.0,289
LQ_LF3__1,LQ_LF3,categorical,one_hot,1,0.0,290
LQ_LF3__2,LQ_LF3,categorical,one_hot,2,0.0,291
LQ_LF3__3,LQ_LF3,categorical,one_hot,3,0.0,292
LQ_LF3__4,LQ_LF3,categorical,one_hot,4,0.0,293
LQ_LF4__0,LQ_LF4,categorical,one_hot,0,0.0,294
LQ_LF4__1,LQ_LF4,categorical,one_hot,1,0.0,295
LQ_LF4__2,LQ_LF4,categorical,one_hot,2,0.0,296
LQ_LF4__3,LQ_LF4,categorical,one_hot,3,0.0,297
LQ_LF4__4,LQ_LF4,categorical,one_hot,4,0.0,298
LQ_LF5__0,LQ_LF5,categorical,one_hot,0,0.0,299
LQ_LF5__1,LQ_LF5,categorical,one_hot,1,0.0,300
LQ_LF5__2,LQ_LF5,categorical,one_hot,2,0.0,301
LQ_LF5__3,LQ_LF5,categorical,one_hot,3,0.0,302
LQ_LF5__4,LQ_LF5,categorical,one_hot,4,0.0,303
LQ_LF6__0,LQ_LF6,categorical,one_hot,0,0.0,304
LQ_LF6__1,LQ_LF6,categorical,one_hot,1,0.0,305
LQ_LF6__2,LQ_LF6,categorical,one_hot,2,0.0,306
LQ_LF6__3,LQ_LF6,categorical,one_hot,3,0.0,307
LQ_LF6__4,LQ_LF6,categorical,one_hot,4,0.0,308
LQ_LF7__0,LQ_LF7,categorical,one_hot,0,0.0,309
LQ_LF7__1,LQ_LF7,categorical,one_hot,1,0.0,310
LQ_LF7__2,LQ_LF7,categorical,one_hot,2,0.0,311
LQ_LF7__3,LQ_LF7,categorical,one_hot,3,0.0,312
LQ_LF7__4,LQ_LF7,categorical,one_hot,4,0.0,313
LQ_LF8__0,LQ_LF8,categorical,one_hot,0,0.0,314
LQ_LF8__1,LQ_LF8,categorical,one_hot,1,0.0,315
LQ_LF8__2,LQ_LF8,categorical,one_hot,2,0.0,316
LQ_LF8__3,LQ_LF8,categorical,one_hot,3,0.0,317
LQ_LF8__4,LQ_LF8,categorical,one_hot,4,0.0,318
LQ_LF9__0,LQ_LF9,categorical,one_hot,0,0.0,319
LQ_LF9__1,LQ_LF9,categorical,one_hot,1,0.0,320
LQ_LF9__2,LQ_LF9,categorical,one_hot,2,0.0,321
LQ_LF9__3,LQ_LF9,categorical,one_hot,3,0.0,322
LQ_LF9__4,LQ_LF9,categorical,one_hot,4,0.0,323
LQ_LF10__0,LQ_LF10,categorical,one_hot,0,0.0,324
LQ_LF10__1,LQ_LF10,categorical,one_hot,1,0.0,325
LQ_LF10__2,LQ_LF10,categorical,one_hot,2,0.0,326
LQ_LF10__3,LQ_LF10,categorical,one_hot,3,0.0,327
LQ_LF10__4,LQ_LF10,categorical,one_hot,4,0.0,328
LQ_LF_S__value,LQ_LF_S,numerical,continuous,raw_value,0.0,329
AC1_yr__1,AC1_yr,categorical,one_hot,1,0.0,330
AC1_yr__2,AC1_yr,categorical,one_hot,2,0.0,331
AC3__value,AC3,numerical,continuous,raw_value,0.0,332
AC3_1_01__value,AC3_1_01,numerical,continuous,raw_value,0.0,333
AC3_2_01__value,AC3_2_01,numerical,continuous,raw_value,0.0,334
AC8_1_01__1,AC8_1_01,categorical,one_hot,1,0.0,335
AC8_1_01__2,AC8_1_01,categorical,one_hot,2,0.0,336
AC8_1_01__3,AC8_1_01,categorical,one_hot,3,0.0,337
AC8_1_01__4,AC8_1_01,categorical,one_hot,4,0.0,338
AC8_2w_01__1,AC8_2w_01,categorical,one_hot,1,0.0,339
AC8_2w_01__2,AC8_2w_01,categorical,one_hot,2,0.0,340
AC8_2_01__value,AC8_2_01,numerical,continuous,raw_value,0.0,341
AC8_3w_01__1,AC8_3w_01,categorical,one_hot,1,0.0,342
AC8_3w_01__2,AC8_3w_01,categorical,one_hot,2,0.0,343
AC8_3_01__value,AC8_3_01,numerical,continuous,raw_value,0.0,344
AC3_1_02__value,AC3_1_02,numerical,continuous,raw_value,0.0,345
AC3_2_02__value,AC3_2_02,numerical,continuous,raw_value,0.0,346
AC8_1_02__1,AC8_1_02,categorical,one_hot,1,0.0,347
AC8_1_02__2,AC8_1_02,categorical,one_hot,2,0.0,348
AC8_1_02__3,AC8_1_02,categorical,one_hot,3,0.0,349
AC8_1_02__4,AC8_1_02,categorical,one_hot,4,0.0,350
AC8_2w_02__1,AC8_2w_02,categorical,one_hot,1,0.0,351
AC8_2w_02__2,AC8_2w_02,categorical,one_hot,2,0.0,352
AC8_2_02__value,AC8_2_02,numerical,continuous,raw_value,0.0,353
AC8_3w_02__1,AC8_3w_02,categorical,one_hot,1,0.0,354
AC8_3w_02__2,AC8_3w_02,categorical,one_hot,2,0.0,355
AC8_3_02__value,AC8_3_02,numerical,continuous,raw_value,0.0,356
AC3_1_03__value,AC3_1_03,numerical,continuous,raw_value,0.0,357
AC3_2_03__value,AC3_2_03,numerical,continuous,raw_value,0.0,358
AC8_1_03__1,AC8_1_03,categorical,one_hot,1,0.0,359
AC8_1_03__2,AC8_1_03,categorical,one_hot,2,0.0,360
AC8_1_03__3,AC8_1_03,categorical,one_hot,3,0.0,361
AC8_1_03__4,AC8_1_03,categorical,one_hot,4,0.0,362
AC8_2w_03__1,AC8_2w_03,categorical,one_hot,1,0.0,363
AC8_2w_03__2,AC8_2w_03,categorical,one_hot,2,0.0,364
AC8_2_03__value,AC8_2_03,numerical,continuous,raw_value,0.0,365
AC8_3w_03__1,AC8_3w_03,categorical,one_hot,1,0.0,366
AC8_3w_03__2,AC8_3w_03,categorical,one_hot,2,0.0,367
AC8_3_03__value,AC8_3_03,numerical,continuous,raw_value,0.0,368
AC3_1_04__value,AC3_1_04,numerical,continuous,raw_value,0.0,369
AC3_2_04__value,AC3_2_04,numerical,continuous,raw_value,0.0,370
AC8_1_04__1,AC8_1_04,categorical,one_hot,1,0.0,371
AC8_1_04__2,AC8_1_04,categorical,one_hot,2,0.0,372
AC8_1_04__3,AC8_1_04,categorical,one_hot,3,0.0,373
AC8_1_04__4,AC8_1_04,categorical,one_hot,4,0.0,374
AC8_2w_04__1,AC8_2w_04,categorical,one_hot,1,0.0,375
AC8_2w_04__2,AC8_2w_04,categorical,one_hot,2,0.0,376
AC8_2_04__value,AC8_2_04,numerical,continuous,raw_value,0.0,377
AC8_3w_04__1,AC8_3w_04,categorical,one_hot,1,0.0,378
AC8_3w_04__2,AC8_3w_04,categorical,one_hot,2,0.0,379
AC8_3_04__value,AC8_3_04,numerical,continuous,raw_value,0.0,380
AC3_1_05__value,AC3_1_05,numerical,continuous,raw_value,0.0,381
AC3_2_05__value,AC3_2_05,numerical,continuous,raw_value,0.0,382
AC8_1_05__1,AC8_1_05,categorical,one_hot,1,0.0,383
AC8_1_05__2,AC8_1_05,categorical,one_hot,2,0.0,384
AC8_1_05__3,AC8_1_05,categorical,one_hot,3,0.0,385
AC8_1_05__4,AC8_1_05,categorical,one_hot,4,0.0,386
AC8_2w_05__1,AC8_2w_05,categorical,one_hot,1,0.0,387
AC8_2w_05__2,AC8_2w_05,categorical,one_hot,2,0.0,388
AC8_2_05__value,AC8_2_05,numerical,continuous,raw_value,0.0,389
AC8_3w_05__1,AC8_3w_05,categorical,one_hot,1,0.0,390
AC8_3w_05__2,AC8_3w_05,categorical,one_hot,2,0.0,391
AC8_3_05__value,AC8_3_05,numerical,continuous,raw_value,0.0,392
AC3_1_06__value,AC3_1_06,numerical,continuous,raw_value,0.0,393
AC3_2_06__value,AC3_2_06,numerical,continuous,raw_value,0.0,394
AC8_1_06__1,AC8_1_06,categorical,one_hot,1,0.0,395
AC8_1_06__2,AC8_1_06,categorical,one_hot,2,0.0,396
AC8_1_06__3,AC8_1_06,categorical,one_hot,3,0.0,397
AC8_1_06__4,AC8_1_06,categorical,one_hot,4,0.0,398
AC8_2w_06__1,AC8_2w_06,categorical,one_hot,1,0.0,399
AC8_2w_06__2,AC8_2w_06,categorical,one_hot,2,0.0,400
AC8_2_06__value,AC8_2_06,numerical,continuous,raw_value,0.0,401
AC8_3w_06__1,AC8_3w_06,categorical,one_hot,1,0.0,402
AC8_3w_06__2,AC8_3w_06,categorical,one_hot,2,0.0,403
AC8_3_06__value,AC8_3_06,numerical,continuous,raw_value,0.0,404
ij_expr__0,ij_expr,categorical,one_hot,0,0.0,405
ij_expr__1,ij_expr,categorical,one_hot,1,0.0,406
MH1_yr__1,MH1_yr,categorical,one_hot,1,0.0,407
MH1_yr__2,MH1_yr,categorical,one_hot,2,0.0,408
MH1_1__value,MH1_1,numerical,continuous,raw_value,0.0,409
MO1_wk__1,MO1_wk,categorical,one_hot,1,0.0,410
MO1_wk__2,MO1_wk,categorical,one_hot,2,0.0,411
MO1_1__value,MO1_1,numerical,continuous,raw_value,0.0,412
educ__1,educ,categorical,one_hot,1,0.0,413
educ__2,educ,categorical,one_hot,2,0.0,414
educ__3,educ,categorical,one_hot,3,0.0,415
educ__4,educ,categorical,one_hot,4,0.0,416
educ__5,educ,categorical,one_hot,5,0.0,417
educ__6,educ,categorical,one_hot,6,0.0,418
educ__7,educ,categorical,one_hot,7,0.0,419
educ__8,educ,categorical,one_hot,8,0.0,420
graduat__1,graduat,categorical,one_hot,1,0.0,421
graduat__2,graduat,categorical,one_hot,2,0.0,422
graduat__3,graduat,categorical,one_hot,3,0.0,423
graduat__4,graduat,categorical,one_hot,4,0.0,424
EC_pedu_1__1,EC_pedu_1,categorical,one_hot,1,0.0,425
EC_pedu_1__2,EC_pedu_1,categorical,one_hot,2,0.0,426
EC_pedu_1__3,EC_pedu_1,categorical,one_hot,3,0.0,427
EC_pedu_1__4,EC_pedu_1,categorical,one_hot,4,0.0,428
EC_pedu_1__5,EC_pedu_1,categorical,one_hot,5,0.0,429
EC_pedu_1__6,EC_pedu_1,categorical,one_hot,6,0.0,430
EC_pedu_1__7,EC_pedu_1,categorical,one_hot,7,0.0,431
EC_pedu_1__8,EC_pedu_1,categorical,one_hot,8,0.0,432
EC_pedu_2__1,EC_pedu_2,categorical,one_hot,1,0.0,433
EC_pedu_2__2,EC_pedu_2,categorical,one_hot,2,0.0,434
EC_pedu_2__3,EC_pedu_2,categorical,one_hot,3,0.0,435
EC_pedu_2__4,EC_pedu_2,categorical,one_hot,4,0.0,436
EC_pedu_2__5,EC_pedu_2,categorical,one_hot,5,0.0,437
EC_pedu_2__6,EC_pedu_2,categorical,one_hot,6,0.0,438
EC_pedu_2__7,EC_pedu_2,categorical,one_hot,7,0.0,439
EC_pedu_2__8,EC_pedu_2,categorical,one_hot,8,0.0,440
CH2_1__1,CH2_1,categorical,one_hot,1,0.0,441
CH2_1__2,CH2_1,categorical,one_hot,2,0.0,442
CH2_1__3,CH2_1,categorical,one_hot,3,0.0,443
CH2_2__1,CH2_2,categorical,one_hot,1,0.0,444
CH2_2__2,CH2_2,categorical,one_hot,2,0.0,445
CH2_2__3,CH2_2,categorical,one_hot,3,0.0,446
CH2_2__4,CH2_2,categorical,one_hot,4,0.0,447
EC1_1__1,EC1_1,categorical,one_hot,1,0.0,448
EC1_1__2,EC1_1,categorical,one_hot,2,0.0,449
EC_occp__1,EC_occp,categorical,one_hot,1,0.0,450
EC_occp__2,EC_occp,categorical,one_hot,2,0.0,451
EC_occp__3,EC_occp,categorical,one_hot,3,0.0,452
EC_occp__4,EC_occp,categorical,one_hot,4,0.0,453
EC_occp__5,EC_occp,categorical,one_hot,5,0.0,454
EC_occp__6,EC_occp,categorical,one_hot,6,0.0,455
EC_occp__7,EC_occp,categorical,one_hot,7,0.0,456
EC_occp__8,EC_occp,categorical,one_hot,8,0.0,457
EC_occp__9,EC_occp,categorical,one_hot,9,0.0,458
EC_occp__10,EC_occp,categorical,one_hot,10,0.0,459
EC_stt_1__1,EC_stt_1,categorical,one_hot,1,0.0,460
EC_stt_1__2,EC_stt_1,categorical,one_hot,2,0.0,461
EC_stt_1__3,EC_stt_1,categorical,one_hot,3,0.0,462
EC_stt_1__4,EC_stt_1,categorical,one_hot,4,0.0,463
EC_stt_2__1,EC_stt_2,categorical,one_hot,1,0.0,464
EC_stt_2__2,EC_stt_2,categorical,one_hot,2,0.0,465
EC_stt_2__3,EC_stt_2,categorical,one_hot,3,0.0,466
EC_wht_0__1,EC_wht_0,categorical,one_hot,1,0.0,467
EC_wht_0__2,EC_wht_0,categorical,one_hot,2,0.0,468
EC_wht_23__value,EC_wht_23,numerical,continuous,raw_value,0.0,469
EC_wht_5__1,EC_wht_5,categorical,one_hot,1,0.0,470
EC_wht_5__2,EC_wht_5,categorical,one_hot,2,0.0,471
EC_wht_5__3,EC_wht_5,categorical,one_hot,3,0.0,472
EC_wht_5__4,EC_wht_5,categorical,one_hot,4,0.0,473
EC_wht_5__5,EC_wht_5,categorical,one_hot,5,0.0,474
EC_wht_5__6,EC_wht_5,categorical,one_hot,6,0.0,475
EC_wht_5__7,EC_wht_5,categorical,one_hot,7,0.0,476
EC_wht_5__8,EC_wht_5,categorical,one_hot,8,0.0,477
EC_lgw_2__1,EC_lgw_2,categorical,one_hot,1,0.0,478
EC_lgw_2__2,EC_lgw_2,categorical,one_hot,2,0.0,479
EC_lgw_2__3,EC_lgw_2,categorical,one_hot,3,0.0,480
EC_lgw_2__4,EC_lgw_2,categorical,one_hot,4,0.0,481
EC_lgw_2__5,EC_lgw_2,categorical,one_hot,5,0.0,482
EC_lgw_2__6,EC_lgw_2,categorical,one_hot,6,0.0,483
EC_lgw_2__7,EC_lgw_2,categorical,one_hot,7,0.0,484
EC_lgw_2__8,EC_lgw_2,categorical,one_hot,8,0.0,485
EC_lgw_2__9,EC_lgw_2,categorical,one_hot,9,0.0,486
EC_lgw_2__10,EC_lgw_2,categorical,one_hot,10,0.0,487
EC_lgw_4__1,EC_lgw_4,categorical,one_hot,1,0.0,488
EC_lgw_4__2,EC_lgw_4,categorical,one_hot,2,0.0,489
EC_lgw_4__3,EC_lgw_4,categorical,one_hot,3,0.0,490
EC_lgw_4__4,EC_lgw_4,categorical,one_hot,4,0.0,491
EC_lgw_5__1,EC_lgw_5,categorical,one_hot,1,0.0,492
EC_lgw_5__2,EC_lgw_5,categorical,one_hot,2,0.0,493
EC_lgw_5__3,EC_lgw_5,categorical,one_hot,3,0.0,494
BO1__1,BO1,categorical,one_hot,1,0.0,495
BO1__2,BO1,categorical,one_hot,2,0.0,496
BO1__3,BO1,categorical,one_hot,3,0.0,497
BO1__4,BO1,categorical,one_hot,4,0.0,498
BO1__5,BO1,categorical,one_hot,5,0.0,499
BO1_1__1,BO1_1,categorical,one_hot,1,0.0,500
BO1_1__2,BO1_1,categorical,one_hot,2,0.0,501
BO1_1__3,BO1_1,categorical,one_hot,3,0.0,502
BO1_2__1,BO1_2,categorical,one_hot,1,0.0,503
BO1_2__2,BO1_2,categorical,one_hot,2,0.0,504
BO1_2__3,BO1_2,categorical,one_hot,3,0.0,505
BO1_3__1,BO1_3,categorical,one_hot,1,0.0,506
BO1_3__2,BO1_3,categorical,one_hot,2,0.0,507
BO1_3__3,BO1_3,categorical,one_hot,3,0.0,508
BO2_1__1,BO2_1,categorical,one_hot,1,0.0,509
BO2_1__2,BO2_1,categorical,one_hot,2,0.0,510
BO2_1__3,BO2_1,categorical,one_hot,3,0.0,511
BO2_1__4,BO2_1,categorical,one_hot,4,0.0,512
BD1__1,BD1,categorical,one_hot,1,0.0,513
BD1__2,BD1,categorical,one_hot,2,0.0,514
BD2__value,BD2,numerical,continuous,raw_value,0.0,515
BD1_11__1,BD1_11,categorical,one_hot,1,0.0,516
BD1_11__2,BD1_11,categorical,one_hot,2,0.0,517
BD1_11__3,BD1_11,categorical,one_hot,3,0.0,518
BD1_11__4,BD1_11,categorical,one_hot,4,0.0,519
BD1_11__5,BD1_11,categorical,one_hot,5,0.0,520
BD1_11__6,BD1_11,categorical,one_hot,6,0.0,521
BD2_1__1,BD2_1,categorical,one_hot,1,0.0,522
BD2_1__2,BD2_1,categorical,one_hot,2,0.0,523
BD2_1__3,BD2_1,categorical,one_hot,3,0.0,524
BD2_1__4,BD2_1,categorical,one_hot,4,0.0,525
BD2_1__5,BD2_1,categorical,one_hot,5,0.0,526
BD2_14__value,BD2_14,numerical,continuous,raw_value,0.0,527
BD2_31__1,BD2_31,categorical,one_hot,1,0.0,528
BD2_31__2,BD2_31,categorical,one_hot,2,0.0,529
BD2_31__3,BD2_31,categorical,one_hot,3,0.0,530
BD2_31__4,BD2_31,categorical,one_hot,4,0.0,531
BD2_31__5,BD2_31,categorical,one_hot,5,0.0,532
BD2_32__1,BD2_32,categorical,one_hot,1,0.0,533
BD2_32__2,BD2_32,categorical,one_hot,2,0.0,534
BD2_32__3,BD2_32,categorical,one_hot,3,0.0,535
BD2_32__4,BD2_32,categorical,one_hot,4,0.0,536
BD2_32__5,BD2_32,categorical,one_hot,5,0.0,537
BD7_4__1,BD7_4,categorical,one_hot,1,0.0,538
BD7_4__2,BD7_4,categorical,one_hot,2,0.0,539
BD7_4__3,BD7_4,categorical,one_hot,3,0.0,540
BD7_5__1,BD7_5,categorical,one_hot,1,0.0,541
BD7_5__2,BD7_5,categorical,one_hot,2,0.0,542
BD7_61__0,BD7_61,categorical,one_hot,0,0.0,543
BD7_61__1,BD7_61,categorical,one_hot,1,0.0,544
BD7_62__0,BD7_62,categorical,one_hot,0,0.0,545
BD7_62__1,BD7_62,categorical,one_hot,1,0.0,546
BD7_63__0,BD7_63,categorical,one_hot,0,0.0,547
BD7_63__1,BD7_63,categorical,one_hot,1,0.0,548
BD7_64__0,BD7_64,categorical,one_hot,0,0.0,549
BD7_64__1,BD7_64,categorical,one_hot,1,0.0,550
BD7_65__0,BD7_65,categorical,one_hot,0,0.0,551
BD7_65__1,BD7_65,categorical,one_hot,1,0.0,552
BD7_66__0,BD7_66,categorical,one_hot,0,0.0,553
BD7_66__1,BD7_66,categorical,one_hot,1,0.0,554
dr_month__0,dr_month,categorical,one_hot,0,0.0,555
dr_month__1,dr_month,categorical,one_hot,1,0.0,556
BA2_12__1,BA2_12,categorical,one_hot,1,0.0,557
BA2_12__2,BA2_12,categorical,one_hot,2,0.0,558
BA2_12__3,BA2_12,categorical,one_hot,3,0.0,559
BA2_12__4,BA2_12,categorical,one_hot,4,0.0,560
BA2_12__5,BA2_12,categorical,one_hot,5,0.0,561
BA2_13__1,BA2_13,categorical,one_hot,1,0.0,562
BA2_13__2,BA2_13,categorical,one_hot,2,0.0,563
BA2_13__3,BA2_13,categorical,one_hot,3,0.0,564
BA2_13__4,BA2_13,categorical,one_hot,4,0.0,565
BA2_13__5,BA2_13,categorical,one_hot,5,0.0,566
BA2_14__1,BA2_14,categorical,one_hot,1,0.0,567
BA2_14__2,BA2_14,categorical,one_hot,2,0.0,568
BA2_14__3,BA2_14,categorical,one_hot,3,0.0,569
BA2_14__4,BA2_14,categorical,one_hot,4,0.0,570
BA2_14__5,BA2_14,categorical,one_hot,5,0.0,571
BA2_2_1__1,BA2_2_1,categorical,one_hot,1,0.0,572
BA2_2_1__2,BA2_2_1,categorical,one_hot,2,0.0,573
BA2_2_2__value,BA2_2_2,numerical,continuous,raw_value,0.0,574
BA2_2_3__1,BA2_2_3,categorical,one_hot,1,0.0,575
BA2_2_3__2,BA2_2_3,categorical,one_hot,2,0.0,576
BA2_2_4__value,BA2_2_4,numerical,continuous,raw_value,0.0,577
BA2_2_5__1,BA2_2_5,categorical,one_hot,1,0.0,578
BA2_2_5__2,BA2_2_5,categorical,one_hot,2,0.0,579
BA2_2_6__value,BA2_2_6,numerical,continuous,raw_value,0.0,580
BA2_22__1,BA2_22,categorical,one_hot,1,0.0,581
BA2_22__2,BA2_22,categorical,one_hot,2,0.0,582
BA2_22__3,BA2_22,categorical,one_hot,3,0.0,583
BA2_22__4,BA2_22,categorical,one_hot,4,0.0,584
BA2_22__5,BA2_22,categorical,one_hot,5,0.0,585
BA1_1__1,BA1_1,categorical,one_hot,1,0.0,586
BA1_1__2,BA1_1,categorical,one_hot,2,0.0,587
BA1_1__3,BA1_1,categorical,one_hot,3,0.0,588
BA1_1__4,BA1_1,categorical,one_hot,4,0.0,589
BA1_1__5,BA1_1,categorical,one_hot,5,0.0,590
BA1_1__6,BA1_1,categorical,one_hot,6,0.0,591
BA1_3__1,BA1_3,categorical,one_hot,1,0.0,592
BA1_3__2,BA1_3,categorical,one_hot,2,0.0,593
BA1_3__3,BA1_3,categorical,one_hot,3,0.0,594
BA1_3__4,BA1_3,categorical,one_hot,4,0.0,595
BA1_3__5,BA1_3,categorical,one_hot,5,0.0,596
BA1_2__1,BA1_2,categorical,one_hot,1,0.0,597
BA1_2__2,BA1_2,categorical,one_hot,2,0.0,598
BA1_2__3,BA1_2,categorical,one_hot,3,0.0,599
BA1_2__4,BA1_2,categorical,one_hot,4,0.0,600
BA1_2__5,BA1_2,categorical,one_hot,5,0.0,601
BA1_2__6,BA1_2,categorical,one_hot,6,0.0,602
sc_seatblt__0,sc_seatblt,categorical,one_hot,0,0.0,603
sc_seatblt__1,sc_seatblt,categorical,one_hot,1,0.0,604
sc_seatblt2__0,sc_seatblt2,categorical,one_hot,0,0.0,605
sc_seatblt2__1,sc_seatblt2,categorical,one_hot,1,0.0,606
sc_seatblt3__0,sc_seatblt3,categorical,one_hot,0,0.0,607
sc_seatblt3__1,sc_seatblt3,categorical,one_hot,1,0.0,608
BP16_11__value,BP16_11,numerical,continuous,raw_value,0.0,609
BP16_12__value,BP16_12,numerical,continuous,raw_value,0.0,610
BP16_13__value,BP16_13,numerical,continuous,raw_value,0.0,611
BP16_14__value,BP16_14,numerical,continuous,raw_value,0.0,612
BP16_21__value,BP16_21,numerical,continuous,raw_value,0.0,613
BP16_22__value,BP16_22,numerical,continuous,raw_value,0.0,614
BP16_23__value,BP16_23,numerical,continuous,raw_value,0.0,615
BP16_24__value,BP16_24,numerical,continuous,raw_value,0.0,616
BP_PHQ_1__0,BP_PHQ_1,categorical,one_hot,0,0.0,617
BP_PHQ_1__1,BP_PHQ_1,categorical,one_hot,1,0.0,618
BP_PHQ_1__2,BP_PHQ_1,categorical,one_hot,2,0.0,619
BP_PHQ_1__3,BP_PHQ_1,categorical,one_hot,3,0.0,620
BP_PHQ_2__0,BP_PHQ_2,categorical,one_hot,0,0.0,621
BP_PHQ_2__1,BP_PHQ_2,categorical,one_hot,1,0.0,622
BP_PHQ_2__2,BP_PHQ_2,categorical,one_hot,2,0.0,623
BP_PHQ_2__3,BP_PHQ_2,categorical,one_hot,3,0.0,624
BP_PHQ_3__0,BP_PHQ_3,categorical,one_hot,0,0.0,625
BP_PHQ_3__1,BP_PHQ_3,categorical,one_hot,1,0.0,626
BP_PHQ_3__2,BP_PHQ_3,categorical,one_hot,2,0.0,627
BP_PHQ_3__3,BP_PHQ_3,categorical,one_hot,3,0.0,628
BP_PHQ_4__0,BP_PHQ_4,categorical,one_hot,0,0.0,629
BP_PHQ_4__1,BP_PHQ_4,categorical,one_hot,1,0.0,630
BP_PHQ_4__2,BP_PHQ_4,categorical,one_hot,2,0.0,631
BP_PHQ_4__3,BP_PHQ_4,categorical,one_hot,3,0.0,632
BP_PHQ_5__0,BP_PHQ_5,categorical,one_hot,0,0.0,633
BP_PHQ_5__1,BP_PHQ_5,categorical,one_hot,1,0.0,634
BP_PHQ_5__2,BP_PHQ_5,categorical,one_hot,2,0.0,635
BP_PHQ_5__3,BP_PHQ_5,categorical,one_hot,3,0.0,636
BP_PHQ_6__0,BP_PHQ_6,categorical,one_hot,0,0.0,637
BP_PHQ_6__1,BP_PHQ_6,categorical,one_hot,1,0.0,638
BP_PHQ_6__2,BP_PHQ_6,categorical,one_hot,2,0.0,639
BP_PHQ_6__3,BP_PHQ_6,categorical,one_hot,3,0.0,640
BP_PHQ_7__0,BP_PHQ_7,categorical,one_hot,0,0.0,641
BP_PHQ_7__1,BP_PHQ_7,categorical,one_hot,1,0.0,642
BP_PHQ_7__2,BP_PHQ_7,categorical,one_hot,2,0.0,643
BP_PHQ_7__3,BP_PHQ_7,categorical,one_hot,3,0.0,644
BP_PHQ_8__0,BP_PHQ_8,categorical,one_hot,0,0.0,645
BP_PHQ_8__1,BP_PHQ_8,categorical,one_hot,1,0.0,646
BP_PHQ_8__2,BP_PHQ_8,categorical,one_hot,2,0.0,647
BP_PHQ_8__3,BP_PHQ_8,categorical,one_hot,3,0.0,648
BP_PHQ_9__0,BP_PHQ_9,categorical,one_hot,0,0.0,649
BP_PHQ_9__1,BP_PHQ_9,categorical,one_hot,1,0.0,650
BP_PHQ_9__2,BP_PHQ_9,categorical,one_hot,2,0.0,651
BP_PHQ_9__3,BP_PHQ_9,categorical,one_hot,3,0.0,652
mh_PHQ_S__value,mh_PHQ_S,numerical,continuous,raw_value,0.0,653
BP_GAD_1__0,BP_GAD_1,categorical,one_hot,0,0.0,654
BP_GAD_1__1,BP_GAD_1,categorical,one_hot,1,0.0,655
BP_GAD_1__2,BP_GAD_1,categorical,one_hot,2,0.0,656
BP_GAD_1__3,BP_GAD_1,categorical,one_hot,3,0.0,657
BP_GAD_2__0,BP_GAD_2,categorical,one_hot,0,0.0,658
BP_GAD_2__1,BP_GAD_2,categorical,one_hot,1,0.0,659
BP_GAD_2__2,BP_GAD_2,categorical,one_hot,2,0.0,660
BP_GAD_2__3,BP_GAD_2,categorical,one_hot,3,0.0,661
BP_GAD_3__0,BP_GAD_3,categorical,one_hot,0,0.0,662
BP_GAD_3__1,BP_GAD_3,categorical,one_hot,1,0.0,663
BP_GAD_3__2,BP_GAD_3,categorical,one_hot,2,0.0,664
BP_GAD_3__3,BP_GAD_3,categorical,one_hot,3,0.0,665
BP_GAD_4__0,BP_GAD_4,categorical,one_hot,0,0.0,666
BP_GAD_4__1,BP_GAD_4,categorical,one_hot,1,0.0,667
BP_GAD_4__2,BP_GAD_4,categorical,one_hot,2,0.0,668
BP_GAD_4__3,BP_GAD_4,categorical,one_hot,3,0.0,669
BP_GAD_5__0,BP_GAD_5,categorical,one_hot,0,0.0,670
BP_GAD_5__1,BP_GAD_5,categorical,one_hot,1,0.0,671
BP_GAD_5__2,BP_GAD_5,categorical,one_hot,2,0.0,672
BP_GAD_5__3,BP_GAD_5,categorical,one_hot,3,0.0,673
BP_GAD_6__0,BP_GAD_6,categorical,one_hot,0,0.0,674
BP_GAD_6__1,BP_GAD_6,categorical,one_hot,1,0.0,675
BP_GAD_6__2,BP_GAD_6,categorical,one_hot,2,0.0,676
BP_GAD_6__3,BP_GAD_6,categorical,one_hot,3,0.0,677
BP_GAD_7__0,BP_GAD_7,categorical,one_hot,0,0.0,678
BP_GAD_7__1,BP_GAD_7,categorical,one_hot,1,0.0,679
BP_GAD_7__2,BP_GAD_7,categorical,one_hot,2,0.0,680
BP_GAD_7__3,BP_GAD_7,categorical,one_hot,3,0.0,681
mh_GAD_S__value,mh_GAD_S,numerical,continuous,raw_value,0.0,682
BP1__1,BP1,categorical,one_hot,1,0.0,683
BP1__2,BP1,categorical,one_hot,2,0.0,684
BP1__3,BP1,categorical,one_hot,3,0.0,685
BP1__4,BP1,categorical,one_hot,4,0.0,686
BP2__1,BP2,categorical,one_hot,1,0.0,687
BP2__2,BP2,categorical,one_hot,2,0.0,688
BP2__3,BP2,categorical,one_hot,3,0.0,689
BP2__4,BP2,categorical,one_hot,4,0.0,690
BP2__5,BP2,categorical,one_hot,5,0.0,691
BP2__6,BP2,categorical,one_hot,6,0.0,692
BP2__7,BP2,categorical,one_hot,7,0.0,693
BP2__8,BP2,categorical,one_hot,8,0.0,694
BP2__9,BP2,categorical,one_hot,9,0.0,695
BP5__1,BP5,categorical,one_hot,1,0.0,696
BP5__2,BP5,categorical,one_hot,2,0.0,697
BP6_10__1,BP6_10,categorical,one_hot,1,0.0,698
BP6_10__2,BP6_10,categorical,one_hot,2,0.0,699
BP6_2__1,BP6_2,categorical,one_hot,1,0.0,700
BP6_2__2,BP6_2,categorical,one_hot,2,0.0,701
BP6_31__1,BP6_31,categorical,one_hot,1,0.0,702
BP6_31__2,BP6_31,categorical,one_hot,2,0.0,703
BP7__1,BP7,categorical,one_hot,1,0.0,704
BP7__2,BP7,categorical,one_hot,2,0.0,705
mh_stress__0,mh_stress,categorical,one_hot,0,0.0,706
mh_stress__1,mh_stress,categorical,one_hot,1,0.0,707
BS1_1__1,BS1_1,categorical,one_hot,1,0.0,708
BS1_1__2,BS1_1,categorical,one_hot,2,0.0,709
BS1_1__3,BS1_1,categorical,one_hot,3,0.0,710
BS2_1__value,BS2_1,numerical,continuous,raw_value,0.0,711
BS2_2__value,BS2_2,numerical,continuous,raw_value,0.0,712
BS3_1__1,BS3_1,categorical,one_hot,1,0.0,713
BS3_1__2,BS3_1,categorical,one_hot,2,0.0,714
BS3_1__3,BS3_1,categorical,one_hot,3,0.0,715
BS3_2__value,BS3_2,numerical,continuous,raw_value,0.0,716
BS3_3__value,BS3_3,numerical,continuous,raw_value,0.0,717
BS6_2__value,BS6_2,numerical,continuous,raw_value,0.0,718
BS6_2_1__value,BS6_2_1,numerical,continuous,raw_value,0.0,719
BS6_2_2__value,BS6_2_2,numerical,continuous,raw_value,0.0,720
BS6_3__value,BS6_3,numerical,continuous,raw_value,0.0,721
BS6_4__value,BS6_4,numerical,continuous,raw_value,0.0,722
BS6_4_1__value,BS6_4_1,numerical,continuous,raw_value,0.0,723
BS6_4_2__value,BS6_4_2,numerical,continuous,raw_value,0.0,724
BS12_37__1,BS12_37,categorical,one_hot,1,0.0,725
BS12_37__2,BS12_37,categorical,one_hot,2,0.0,726
BS12_47__1,BS12_47,categorical,one_hot,1,0.0,727
BS12_47__2,BS12_47,categorical,one_hot,2,0.0,728
BS12_47__3,BS12_47,categorical,one_hot,3,0.0,729
BS12_47_1__value,BS12_47_1,numerical,continuous,raw_value,0.0,730
BS12_47_2__value,BS12_47_2,numerical,continuous,raw_value,0.0,731
BS12_1__1,BS12_1,categorical,one_hot,1,0.0,732
BS12_1__2,BS12_1,categorical,one_hot,2,0.0,733
BS12_2__1,BS12_2,categorical,one_hot,1,0.0,734
BS12_2__2,BS12_2,categorical,one_hot,2,0.0,735
BS12_31__0,BS12_31,categorical,one_hot,0,0.0,736
BS12_31__1,BS12_31,categorical,one_hot,1,0.0,737
BS12_32__0,BS12_32,categorical,one_hot,0,0.0,738
BS12_32__1,BS12_32,categorical,one_hot,1,0.0,739
BS12_33__0,BS12_33,categorical,one_hot,0,0.0,740
BS12_33__1,BS12_33,categorical,one_hot,1,0.0,741
BS12_34__0,BS12_34,categorical,one_hot,0,0.0,742
BS12_34__1,BS12_34,categorical,one_hot,1,0.0,743
BS12_36__0,BS12_36,categorical,one_hot,0,0.0,744
BS12_36__1,BS12_36,categorical,one_hot,1,0.0,745
BS12_41__0,BS12_41,categorical,one_hot,0,0.0,746
BS12_41__1,BS12_41,categorical,one_hot,1,0.0,747
BS12_42__0,BS12_42,categorical,one_hot,0,0.0,748
BS12_42__1,BS12_42,categorical,one_hot,1,0.0,749
BS12_43__0,BS12_43,categorical,one_hot,0,0.0,750
BS12_43__1,BS12_43,categorical,one_hot,1,0.0,751
BS12_44__0,BS12_44,categorical,one_hot,0,0.0,752
BS12_44__1,BS12_44,categorical,one_hot,1,0.0,753
BS12_46__0,BS12_46,categorical,one_hot,0,0.0,754
BS12_46__1,BS12_46,categorical,one_hot,1,0.0,755
BS5__1,BS5,categorical,one_hot,1,0.0,756
BS5__2,BS5,categorical,one_hot,2,0.0,757
BS5_1__value,BS5_1,numerical,continuous,raw_value,0.0,758
BS8_2__1,BS8_2,categorical,one_hot,1,0.0,759
BS8_2__2,BS8_2,categorical,one_hot,2,0.0,760
BS9_2__1,BS9_2,categorical,one_hot,1,0.0,761
BS9_2__2,BS9_2,categorical,one_hot,2,0.0,762
BS9_2__3,BS9_2,categorical,one_hot,3,0.0,763
BS13__1,BS13,categorical,one_hot,1,0.0,764
BS13__2,BS13,categorical,one_hot,2,0.0,765
BS10_1__1,BS10_1,categorical,one_hot,1,0.0,766
BS10_1__2,BS10_1,categorical,one_hot,2,0.0,767
BS2__value,BS2,numerical,continuous,raw_value,0.0,768
BS10_2__value,BS10_2,numerical,continuous,raw_value,0.0,769
BS10_3__value,BS10_3,numerical,continuous,raw_value,0.0,770
sm_presnt__0,sm_presnt,categorical,one_hot,0,0.0,771
sm_presnt__1,sm_presnt,categorical,one_hot,1,0.0,772
BE3_71__1,BE3_71,categorical,one_hot,1,0.0,773
BE3_71__2,BE3_71,categorical,one_hot,2,0.0,774
BE3_72__value,BE3_72,numerical,continuous,raw_value,0.0,775
BE3_73__value,BE3_73,numerical,continuous,raw_value,0.0,776
BE3_74__value,BE3_74,numerical,continuous,raw_value,0.0,777
BE3_81__1,BE3_81,categorical,one_hot,1,0.0,778
BE3_81__2,BE3_81,categorical,one_hot,2,0.0,779
BE3_82__value,BE3_82,numerical,continuous,raw_value,0.0,780
BE3_83__value,BE3_83,numerical,continuous,raw_value,0.0,781
BE3_84__value,BE3_84,numerical,continuous,raw_value,0.0,782
BE3_91__1,BE3_91,categorical,one_hot,1,0.0,783
BE3_91__2,BE3_91,categorical,one_hot,2,0.0,784
BE3_92__value,BE3_92,numerical,continuous,raw_value,0.0,785
BE3_93__value,BE3_93,numerical,continuous,raw_value,0.0,786
BE3_94__value,BE3_94,numerical,continuous,raw_value,0.0,787
BE3_75__1,BE3_75,categorical,one_hot,1,0.0,788
BE3_75__2,BE3_75,categorical,one_hot,2,0.0,789
BE3_76__value,BE3_76,numerical,continuous,raw_value,0.0,790
BE3_77__value,BE3_77,numerical,continuous,raw_value,0.0,791
BE3_78__value,BE3_78,numerical,continuous,raw_value,0.0,792
BE3_85__1,BE3_85,categorical,one_hot,1,0.0,793
BE3_85__2,BE3_85,categorical,one_hot,2,0.0,794
BE3_86__value,BE3_86,numerical,continuous,raw_value,0.0,795
BE3_87__value,BE3_87,numerical,continuous,raw_value,0.0,796
BE3_88__value,BE3_88,numerical,continuous,raw_value,0.0,797
BE8_1__value,BE8_1,numerical,continuous,raw_value,0.0,798
BE8_2__value,BE8_2,numerical,continuous,raw_value,0.0,799
BE3_31__1,BE3_31,categorical,one_hot,1,0.0,800
BE3_31__2,BE3_31,categorical,one_hot,2,0.0,801
BE3_31__3,BE3_31,categorical,one_hot,3,0.0,802
BE3_31__4,BE3_31,categorical,one_hot,4,0.0,803
BE3_31__5,BE3_31,categorical,one_hot,5,0.0,804
BE3_31__6,BE3_31,categorical,one_hot,6,0.0,805
BE3_31__7,BE3_31,categorical,one_hot,7,0.0,806
BE3_31__8,BE3_31,categorical,one_hot,8,0.0,807
BE3_32__value,BE3_32,numerical,continuous,raw_value,0.0,808
BE3_33__value,BE3_33,numerical,continuous,raw_value,0.0,809
BE5_1__1,BE5_1,categorical,one_hot,1,0.0,810
BE5_1__2,BE5_1,categorical,one_hot,2,0.0,811
BE5_1__3,BE5_1,categorical,one_hot,3,0.0,812
BE5_1__4,BE5_1,categorical,one_hot,4,0.0,813
BE5_1__5,BE5_1,categorical,one_hot,5,0.0,814
BE5_1__6,BE5_1,categorical,one_hot,6,0.0,815
BE9__1,BE9,categorical,one_hot,1,0.0,816
BE9__2,BE9,categorical,one_hot,2,0.0,817
BE9__3,BE9,categorical,one_hot,3,0.0,818
BE9__4,BE9,categorical,one_hot,4,0.0,819
BE9__5,BE9,categorical,one_hot,5,0.0,820
BE9__6,BE9,categorical,one_hot,6,0.0,821
BE9__7,BE9,categorical,one_hot,7,0.0,822
BE9__8,BE9,categorical,one_hot,8,0.0,823
pa_aerobic__0,pa_aerobic,categorical,one_hot,0,0.0,824
pa_aerobic__1,pa_aerobic,categorical,one_hot,1,0.0,825
LW_ms__1,LW_ms,categorical,one_hot,1,0.0,826
LW_ms__2,LW_ms,categorical,one_hot,2,0.0,827
LW_ms__3,LW_ms,categorical,one_hot,3,0.0,828
LW_ms__4,LW_ms,categorical,one_hot,4,0.0,829
LW_ms__5,LW_ms,categorical,one_hot,5,0.0,830
LW_ms__6,LW_ms,categorical,one_hot,6,0.0,831
LW_ms__7,LW_ms,categorical,one_hot,7,0.0,832
LW_mp_a__value,LW_mp_a,numerical,continuous,raw_value,0.0,833
LW_ms_1__1,LW_ms_1,categorical,one_hot,1,0.0,834
LW_ms_1__2,LW_ms_1,categorical,one_hot,2,0.0,835
LW_ms_1__3,LW_ms_1,categorical,one_hot,3,0.0,836
LW_ms_1__4,LW_ms_1,categorical,one_hot,4,0.0,837
LW_ms_1__5,LW_ms_1,categorical,one_hot,5,0.0,838
LW_ms_a__value,LW_ms_a,numerical,continuous,raw_value,0.0,839
LW_pr__1,LW_pr,categorical,one_hot,1,0.0,840
LW_pr__2,LW_pr,categorical,one_hot,2,0.0,841
LW_pr_1__value,LW_pr_1,numerical,continuous,raw_value,0.0,842
LW_mt__1,LW_mt,categorical,one_hot,1,0.0,843
LW_mt__2,LW_mt,categorical,one_hot,2,0.0,844
LW_mt_a1__value,LW_mt_a1,numerical,continuous,raw_value,0.0,845
LW_mt_a2__value,LW_mt_a2,numerical,continuous,raw_value,0.0,846
LW_br__1,LW_br,categorical,one_hot,1,0.0,847
LW_br__2,LW_br,categorical,one_hot,2,0.0,848
LW_br_ch__value,LW_br_ch,numerical,continuous,raw_value,0.0,849
LW_br_dur__value,LW_br_dur,numerical,continuous,raw_value,0.0,850
LW_br_yy__value,LW_br_yy,numerical,continuous,raw_value,0.0,851
LW_br_mm__value,LW_br_mm,numerical,continuous,raw_value,0.0,852
LW_oc__1,LW_oc,categorical,one_hot,1,0.0,853
LW_oc__2,LW_oc,categorical,one_hot,2,0.0,854
LW_wh__1,LW_wh,categorical,one_hot,1,0.0,855
LW_wh__2,LW_wh,categorical,one_hot,2,0.0,856
LW_wh_a__value,LW_wh_a,numerical,continuous,raw_value,0.0,857
LW_wh_dur__value,LW_wh_dur,numerical,continuous,raw_value,0.0,858
LW_wh_yy__value,LW_wh_yy,numerical,continuous,raw_value,0.0,859
LW_wh_mm__value,LW_wh_mm,numerical,continuous,raw_value,0.0,860
L_BR__1,L_BR,categorical,one_hot,1,0.0,861
L_BR__0,L_BR,categorical,one_hot,0,0.0,862
L_LN__1,L_LN,categorical,one_hot,1,0.0,863
L_LN__0,L_LN,categorical,one_hot,0,0.0,864
L_DN__1,L_DN,categorical,one_hot,1,0.0,865
L_DN__0,L_DN,categorical,one_hot,0,0.0,866
L_BR_FQ__1,L_BR_FQ,categorical,one_hot,1,0.0,867
L_BR_FQ__2,L_BR_FQ,categorical,one_hot,2,0.0,868
L_BR_FQ__3,L_BR_FQ,categorical,one_hot,3,0.0,869
L_BR_FQ__4,L_BR_FQ,categorical,one_hot,4,0.0,870
L_LN_FQ__1,L_LN_FQ,categorical,one_hot,1,0.0,871
L_LN_FQ__2,L_LN_FQ,categorical,one_hot,2,0.0,872
L_LN_FQ__3,L_LN_FQ,categorical,one_hot,3,0.0,873
L_LN_FQ__4,L_LN_FQ,categorical,one_hot,4,0.0,874
L_DN_FQ__1,L_DN_FQ,categorical,one_hot,1,0.0,875
L_DN_FQ__2,L_DN_FQ,categorical,one_hot,2,0.0,876
L_DN_FQ__3,L_DN_FQ,categorical,one_hot,3,0.0,877
L_DN_FQ__4,L_DN_FQ,categorical,one_hot,4,0.0,878
L_BR_TO__1,L_BR_TO,categorical,one_hot,1,0.0,879
L_BR_TO__2,L_BR_TO,categorical,one_hot,2,0.0,880
L_BR_WHO__1,L_BR_WHO,categorical,one_hot,1,0.0,881
L_BR_WHO__2,L_BR_WHO,categorical,one_hot,2,0.0,882
L_LN_TO__1,L_LN_TO,categorical,one_hot,1,0.0,883
L_LN_TO__2,L_LN_TO,categorical,one_hot,2,0.0,884
L_LN_WHO__1,L_LN_WHO,categorical,one_hot,1,0.0,885
L_LN_WHO__2,L_LN_WHO,categorical,one_hot,2,0.0,886
L_DN_TO__1,L_DN_TO,categorical,one_hot,1,0.0,887
L_DN_TO__2,L_DN_TO,categorical,one_hot,2,0.0,888
L_DN_WHO__1,L_DN_WHO,categorical,one_hot,1,0.0,889
L_DN_WHO__2,L_DN_WHO,categorical,one_hot,2,0.0,890
L_OUT_FQ__1,L_OUT_FQ,categorical,one_hot,1,0.0,891
L_OUT_FQ__2,L_OUT_FQ,categorical,one_hot,2,0.0,892
L_OUT_FQ__3,L_OUT_FQ,categorical,one_hot,3,0.0,893
L_OUT_FQ__4,L_OUT_FQ,categorical,one_hot,4,0.0,894
L_OUT_FQ__5,L_OUT_FQ,categorical,one_hot,5,0.0,895
L_OUT_FQ__6,L_OUT_FQ,categorical,one_hot,6,0.0,896
L_OUT_FQ__7,L_OUT_FQ,categorical,one_hot,7,0.0,897
LS_VEG1__1,LS_VEG1,categorical,one_hot,1,0.0,898
LS_VEG1__2,LS_VEG1,categorical,one_hot,2,0.0,899
LS_VEG1__3,LS_VEG1,categorical,one_hot,3,0.0,900
LS_VEG1__4,LS_VEG1,categorical,one_hot,4,0.0,901
LS_VEG1__5,LS_VEG1,categorical,one_hot,5,0.0,902
LS_VEG1__6,LS_VEG1,categorical,one_hot,6,0.0,903
LS_VEG1__7,LS_VEG1,categorical,one_hot,7,0.0,904
LS_VEG1__8,LS_VEG1,categorical,one_hot,8,0.0,905
LS_VEG1__9,LS_VEG1,categorical,one_hot,9,0.0,906
LS_VEG2__1,LS_VEG2,categorical,one_hot,1,0.0,907
LS_VEG2__2,LS_VEG2,categorical,one_hot,2,0.0,908
LS_VEG2__3,LS_VEG2,categorical,one_hot,3,0.0,909
LS_VEG2__4,LS_VEG2,categorical,one_hot,4,0.0,910
LS_VEG2__5,LS_VEG2,categorical,one_hot,5,0.0,911
LS_VEG2__6,LS_VEG2,categorical,one_hot,6,0.0,912
LS_VEG2__7,LS_VEG2,categorical,one_hot,7,0.0,913
LS_VEG2__8,LS_VEG2,categorical,one_hot,8,0.0,914
LS_VEG2__9,LS_VEG2,categorical,one_hot,9,0.0,915
LS_FRUIT__1,LS_FRUIT,categorical,one_hot,1,0.0,916
LS_FRUIT__2,LS_FRUIT,categorical,one_hot,2,0.0,917
LS_FRUIT__3,LS_FRUIT,categorical,one_hot,3,0.0,918
LS_FRUIT__4,LS_FRUIT,categorical,one_hot,4,0.0,919
LS_FRUIT__5,LS_FRUIT,categorical,one_hot,5,0.0,920
LS_FRUIT__6,LS_FRUIT,categorical,one_hot,6,0.0,921
LS_FRUIT__7,LS_FRUIT,categorical,one_hot,7,0.0,922
LS_FRUIT__8,LS_FRUIT,categorical,one_hot,8,0.0,923
LS_FRUIT__9,LS_FRUIT,categorical,one_hot,9,0.0,924
LS_1YR__1,LS_1YR,categorical,one_hot,1,0.0,925
LS_1YR__2,LS_1YR,categorical,one_hot,2,0.0,926
LK_EDU__1,LK_EDU,categorical,one_hot,1,0.0,927
LK_EDU__2,LK_EDU,categorical,one_hot,2,0.0,928
LK_LB_CO__1,LK_LB_CO,categorical,one_hot,1,0.0,929
LK_LB_CO__2,LK_LB_CO,categorical,one_hot,2,0.0,930
LK_LB_US__1,LK_LB_US,categorical,one_hot,1,0.0,931
LK_LB_US__2,LK_LB_US,categorical,one_hot,2,0.0,932
LK_LB_IT__1,LK_LB_IT,categorical,one_hot,1,0.0,933
LK_LB_IT__2,LK_LB_IT,categorical,one_hot,2,0.0,934
LK_LB_IT__3,LK_LB_IT,categorical,one_hot,3,0.0,935
LK_LB_IT__4,LK_LB_IT,categorical,one_hot,4,0.0,936
LK_LB_IT__5,LK_LB_IT,categorical,one_hot,5,0.0,937
LK_LB_IT__6,LK_LB_IT,categorical,one_hot,6,0.0,938
LK_LB_IT__7,LK_LB_IT,categorical,one_hot,7,0.0,939
LK_LB_IT__8,LK_LB_IT,categorical,one_hot,8,0.0,940
LK_LB_IT__9,LK_LB_IT,categorical,one_hot,9,0.0,941
LK_LB_IT__10,LK_LB_IT,categorical,one_hot,10,0.0,942
LK_LB_EF__1,LK_LB_EF,categorical,one_hot,1,0.0,943
LK_LB_EF__2,LK_LB_EF,categorical,one_hot,2,0.0,944
Y_BTH_WT__value,Y_BTH_WT,numerical,continuous,raw_value,0.0,945
Y_MTM_YN__1,Y_MTM_YN,categorical,one_hot,1,0.0,946
Y_MTM_YN__2,Y_MTM_YN,categorical,one_hot,2,0.0,947
Y_MTM_S1__value,Y_MTM_S1,numerical,continuous,raw_value,0.0,948
Y_MTM_S2__value,Y_MTM_S2,numerical,continuous,raw_value,0.0,949
Y_MTM_D1__value,Y_MTM_D1,numerical,continuous,raw_value,0.0,950
Y_MTM_D2__value,Y_MTM_D2,numerical,continuous,raw_value,0.0,951
Y_FM_YN__1,Y_FM_YN,categorical,one_hot,1,0.0,952
Y_FM_YN__2,Y_FM_YN,categorical,one_hot,2,0.0,953
Y_FM_S1__value,Y_FM_S1,numerical,continuous,raw_value,0.0,954
Y_FM_S2__value,Y_FM_S2,numerical,continuous,raw_value,0.0,955
Y_FM_D1__value,Y_FM_D1,numerical,continuous,raw_value,0.0,956
Y_FM_D2__value,Y_FM_D2,numerical,continuous,raw_value,0.0,957
Y_MLK_ST__value,Y_MLK_ST,numerical,continuous,raw_value,0.0,958
Y_WN_ST__value,Y_WN_ST,numerical,continuous,raw_value,0.0,959
Y_SUP_YN__1,Y_SUP_YN,categorical,one_hot,1,0.0,960
Y_SUP_YN__2,Y_SUP_YN,categorical,one_hot,2,0.0,961
Y_SUP_KD1__0,Y_SUP_KD1,categorical,one_hot,0,0.0,962
Y_SUP_KD1__1,Y_SUP_KD1,categorical,one_hot,1,0.0,963
Y_SUP_KD3__0,Y_SUP_KD3,categorical,one_hot,0,0.0,964
Y_SUP_KD3__1,Y_SUP_KD3,categorical,one_hot,1,0.0,965
Y_SUP_KD4__0,Y_SUP_KD4,categorical,one_hot,0,0.0,966
Y_SUP_KD4__1,Y_SUP_KD4,categorical,one_hot,1,0.0,967
Y_SUP_KD7__0,Y_SUP_KD7,categorical,one_hot,0,0.0,968
Y_SUP_KD7__1,Y_SUP_KD7,categorical,one_hot,1,0.0,969
N_DIET__1,N_DIET,categorical,one_hot,1,0.0,970
N_DIET__2,N_DIET,categorical,one_hot,2,0.0,971
N_DIET_WHY__1,N_DIET_WHY,categorical,one_hot,1,0.0,972
N_DIET_WHY__2,N_DIET_WHY,categorical,one_hot,2,0.0,973
N_DIET_WHY__3,N_DIET_WHY,categorical,one_hot,3,0.0,974
N_DUSUAL__1,N_DUSUAL,categorical,one_hot,1,0.0,975
N_DUSUAL__2,N_DUSUAL,categorical,one_hot,2,0.0,976
N_DUSUAL__3,N_DUSUAL,categorical,one_hot,3,0.0,977
N_WAT_C__value,N_WAT_C,numerical,continuous,raw_value,0.0,978
N_BF__1,N_BF,categorical,one_hot,1,0.0,979
N_BF__2,N_BF,categorical,one_hot,2,0.0,980
N_BFD_Y__1,N_BFD_Y,categorical,one_hot,1,0.0,981
N_BFD_Y__2,N_BFD_Y,categorical,one_hot,2,0.0,982
N_DAY__월요일,N_DAY,categorical,one_hot,월요일,0.0,983
N_DAY__화요일,N_DAY,categorical,one_hot,화요일,0.0,984
N_DAY__수요일,N_DAY,categorical,one_hot,수요일,0.0,985
N_DAY__목요일,N_DAY,categorical,one_hot,목요일,0.0,986
N_DAY__금요일,N_DAY,categorical,one_hot,금요일,0.0,987
N_DAY__토요일,N_DAY,categorical,one_hot,토요일,0.0,988
N_DAY__일요일,N_DAY,categorical,one_hot,일요일,0.0,989
N_INTK__value,N_INTK,numerical,continuous,raw_value,0.0,990
N_EN__value,N_EN,numerical,continuous,raw_value,0.0,991
N_WATER__value,N_WATER,numerical,continuous,raw_value,0.0,992
N_PROT__value,N_PROT,numerical,continuous,raw_value,0.0,993
N_FAT__value,N_FAT,numerical,continuous,raw_value,0.0,994
N_SFA__value,N_SFA,numerical,continuous,raw_value,0.0,995
N_MUFA__value,N_MUFA,numerical,continuous,raw_value,0.0,996
N_PUFA__value,N_PUFA,numerical,continuous,raw_value,0.0,997
N_N3__value,N_N3,numerical,continuous,raw_value,0.0,998
N_N6__value,N_N6,numerical,continuous,raw_value,0.0,999
N_CHOL__value,N_CHOL,numerical,continuous,raw_value,0.0,1000
N_CHO__value,N_CHO,numerical,continuous,raw_value,0.0,1001
N_TDF__value,N_TDF,numerical,continuous,raw_value,0.0,1002
N_SUGAR__value,N_SUGAR,numerical,continuous,raw_value,0.0,1003
N_CA__value,N_CA,numerical,continuous,raw_value,0.0,1004
N_PHOS__value,N_PHOS,numerical,continuous,raw_value,0.0,1005
N_NA__value,N_NA,numerical,continuous,raw_value,0.0,1006
N_K__value,N_K,numerical,continuous,raw_value,0.0,1007
N_MG__value,N_MG,numerical,continuous,raw_value,0.0,1008
N_FE__value,N_FE,numerical,continuous,raw_value,0.0,1009
N_ZN__value,N_ZN,numerical,continuous,raw_value,0.0,1010
N_VA_RAE__value,N_VA_RAE,numerical,continuous,raw_value,0.0,1011
N_VITD__value,N_VITD,numerical,continuous,raw_value,0.0,1012
N_VITE__value,N_VITE,numerical,continuous,raw_value,0.0,1013
N_CAROT__value,N_CAROT,numerical,continuous,raw_value,0.0,1014
N_RETIN__value,N_RETIN,numerical,continuous,raw_value,0.0,1015
N_B1__value,N_B1,numerical,continuous,raw_value,0.0,1016
N_B2__value,N_B2,numerical,continuous,raw_value,0.0,1017
N_NIAC__value,N_NIAC,numerical,continuous,raw_value,0.0,1018
N_FOLATE__value,N_FOLATE,numerical,continuous,raw_value,0.0,1019
N_VITC__value,N_VITC,numerical,continuous,raw_value,0.0,1020
LF_secur_y__1,LF_secur_y,categorical,one_hot,1,0.0,1021
LF_BUYER__1,LF_BUYER,categorical,one_hot,1,0.0,1022
LF_BUYER__2,LF_BUYER,categorical,one_hot,2,0.0,1023
LF_SAFE__1,LF_SAFE,categorical,one_hot,1,0.0,1024
LF_SAFE__2,LF_SAFE,categorical,one_hot,2,0.0,1025
LF_SAFE__3,LF_SAFE,categorical,one_hot,3,0.0,1026
LF_SAFE__4,LF_SAFE,categorical,one_hot,4,0.0,1027
