column_name,source_variable,valid_rate,column_index
cfam__1__mask,cfam,0.999722120333011,0
cfam__2__mask,cfam,0.999722120333011,1
cfam__3__mask,cfam,0.999722120333011,2
cfam__4__mask,cfam,0.999722120333011,3
cfam__5__mask,cfam,0.999722120333011,4
cfam__6__mask,cfam,0.999722120333011,5
genertn__1__mask,genertn,0.9995220469727789,6
genertn__2__mask,genertn,0.9995220469727789,7
genertn__3__mask,genertn,0.9995220469727789,8
genertn__4__mask,genertn,0.9995220469727789,9
genertn__5__mask,genertn,0.9995220469727789,10
genertn__6__mask,genertn,0.9995220469727789,11
genertn__7__mask,genertn,0.9995220469727789,12
allownc__10__mask,allownc,0.9987217535318506,13
allownc__20__mask,allownc,0.9987217535318506,14
house__1__mask,house,0.99898851801216,15
house__2__mask,house,0.99898851801216,16
house__3__mask,house,0.99898851801216,17
live_t__1__mask,live_t,0.563751153200618,18
live_t__2__mask,live_t,0.563751153200618,19
live_t__3__mask,live_t,0.563751153200618,20
live_t__4__mask,live_t,0.563751153200618,21
ainc__value__mask,ainc,0.99519823935443,22
marri_1__1__mask,marri_1,0.9995553925328176,23
marri_1__2__mask,marri_1,0.9995553925328176,24
marri_2__1__mask,marri_2,0.6710793957784521,25
marri_2__2__mask,marri_2,0.6710793957784521,26
marri_2__3__mask,marri_2,0.6710793957784521,27
marri_2__4__mask,marri_2,0.6710793957784521,28
fam_rela__1__mask,fam_rela,0.9992441673057899,29
fam_rela__2__mask,fam_rela,0.9992441673057899,30
fam_rela__3__mask,fam_rela,0.9992441673057899,31
fam_rela__4__mask,fam_rela,0.9992441673057899,32
fam_rela__5__mask,fam_rela,0.9992441673057899,33
fam_rela__6__mask,fam_rela,0.9992441673057899,34
fam_rela__7__mask,fam_rela,0.9992441673057899,35
fam_rela__8__mask,fam_rela,0.9992441673057899,36
fam_rela__9__mask,fam_rela,0.9992441673057899,37
fam_rela__10__mask,fam_rela,0.9992441673057899,38
tins__10__mask,tins,0.9935198461658163,39
tins__20__mask,tins,0.9935198461658163,40
tins__30__mask,tins,0.9935198461658163,41
npins__1__mask,npins,0.9890737714939922,42
npins__2__mask,npins,0.9890737714939922,43
D_1_1__1__mask,D_1_1,0.9055431435970968,44
D_1_1__2__mask,D_1_1,0.9055431435970968,45
D_1_1__3__mask,D_1_1,0.9055431435970968,46
D_1_1__4__mask,D_1_1,0.9055431435970968,47
D_1_1__5__mask,D_1_1,0.9055431435970968,48
D_2_1__1__mask,D_2_1,0.9054653372903398,49
D_2_1__2__mask,D_2_1,0.9054653372903398,50
D_2_wk__value__mask,D_2_wk,0.16303755821579025,51
DI1_dg__0__mask,DI1_dg,0.7707048139873509,52
DI1_dg__1__mask,DI1_dg,0.7707048139873509,53
DI1_ag__value__mask,DI1_ag,0.19841719741683062,54
DI1_pr__0__mask,DI1_pr,0.1997399046316983,55
DI1_pr__1__mask,DI1_pr,0.1997399046316983,56
DI1_pt__0__mask,DI1_pt,0.19972878944501873,57
DI1_pt__1__mask,DI1_pt,0.19972878944501873,58
DI1_2__1__mask,DI1_2,0.1997399046316983,59
DI1_2__2__mask,DI1_2,0.1997399046316983,60
DI1_2__3__mask,DI1_2,0.1997399046316983,61
DI1_2__4__mask,DI1_2,0.1997399046316983,62
DI1_2__5__mask,DI1_2,0.1997399046316983,63
DI2_dg__0__mask,DI2_dg,0.7706603532406326,64
DI2_dg__1__mask,DI2_dg,0.7706603532406326,65
DI2_ag__value__mask,DI2_ag,0.15741327375593273,66
DI2_pr__0__mask,DI2_pr,0.1581468760767837,67
DI2_pr__1__mask,DI2_pr,0.1581468760767837,68
DI2_pt__0__mask,DI2_pt,0.15816910645014284,69
DI2_pt__1__mask,DI2_pt,0.15816910645014284,70
DI2_2__1__mask,DI2_2,0.15816910645014284,71
DI2_2__2__mask,DI2_2,0.15816910645014284,72
DI2_2__3__mask,DI2_2,0.15816910645014284,73
DI2_2__4__mask,DI2_2,0.15816910645014284,74
DI2_2__5__mask,DI2_2,0.15816910645014284,75
DE1_dg__0__mask,DE1_dg,0.871941934264786,76
DE1_dg__1__mask,DE1_dg,0.871941934264786,77
DE1_ag__value__mask,DE1_ag,0.082052308068514,78
DE1_pr__0__mask,DE1_pr,0.08246356997565774,79
DE1_pr__1__mask,DE1_pr,0.08246356997565774,80
DE1_pt__0__mask,DE1_pt,0.08245245478897818,81
DE1_pt__1__mask,DE1_pt,0.08245245478897818,82
DE1_3__1__mask,DE1_3,0.08244133960229862,83
DE1_3__2__mask,DE1_3,0.08244133960229862,84
DE1_31__0__mask,DE1_31,0.07742839040981693,85
DE1_31__1__mask,DE1_31,0.07742839040981693,86
DE1_32__0__mask,DE1_32,0.07742839040981693,87
DE1_32__1__mask,DE1_32,0.07742839040981693,88
DE1_33__0__mask,DE1_33,0.07742839040981693,89
DE1_33__1__mask,DE1_33,0.07742839040981693,90
DE1_34__0__mask,DE1_34,0.07742839040981693,91
DE1_34__1__mask,DE1_34,0.07742839040981693,92
DE1_4__1__mask,DE1_4,0.07949581513221514,93
DE1_4__2__mask,DE1_4,0.07949581513221514,94
DN1_dg__0__mask,DN1_dg,0.7300343459268398,95
DN1_dg__1__mask,DN1_dg,0.7300343459268398,96
DN1_pt__0__mask,DN1_pt,0.005457556659664099,97
DN1_pt__1__mask,DN1_pt,0.005457556659664099,98
DI3_dg__0__mask,DI3_dg,0.6161814887681039,99
DI3_dg__1__mask,DI3_dg,0.6161814887681039,100
DI3_ag__value__mask,DI3_ag,0.014838774217212978,101
DI3_2__1__mask,DI3_2,0.014972156457367701,102
DI3_2__2__mask,DI3_2,0.014972156457367701,103
DI3_2__3__mask,DI3_2,0.014972156457367701,104
DI4_dg__0__mask,DI4_dg,0.6159036091011149,105
DI4_dg__1__mask,DI4_dg,0.6159036091011149,106
DI5_dg__0__mask,DI5_dg,0.6159703002211923,107
DI5_dg__1__mask,DI5_dg,0.6159703002211923,108
DI5_ag__value__mask,DI5_ag,0.006902530928006936,109
DI6_dg__0__mask,DI6_dg,0.6159036091011149,110
DI6_dg__1__mask,DI6_dg,0.6159036091011149,111
DI6_ag__value__mask,DI6_ag,0.013138150655240254,112
DJ2_dg__0__mask,DJ2_dg,0.6157702268609602,113
DJ2_dg__1__mask,DJ2_dg,0.6157702268609602,114
DJ2_ag__value__mask,DJ2_ag,0.023697578000822523,115
DC01_dg__0__mask,DC01_dg,0.061044605244145074,116
DC01_dg__1__mask,DC01_dg,0.061044605244145074,117
DC01__1__mask,DC01,0.002989985216801716,118
DC01__2__mask,DC01,0.002989985216801716,119
DC01__3__mask,DC01,0.002989985216801716,120
DC01__4__mask,DC01,0.002989985216801716,121
DC01__5__mask,DC01,0.002989985216801716,122
DC01__6__mask,DC01,0.002989985216801716,123
DC01__7__mask,DC01,0.002989985216801716,124
DC01_ag__value__mask,DC01_ag,0.004223770938232908,125
DJ4_dg__0__mask,DJ4_dg,0.8825791679171252,126
DJ4_dg__1__mask,DJ4_dg,0.8825791679171252,127
DJ4_ag__value__mask,DJ4_ag,0.028388186779596963,128
DJ4_3__1__mask,DJ4_3,0.028710527193304212,129
DJ4_3__2__mask,DJ4_3,0.028710527193304212,130
DJ4_3__3__mask,DJ4_3,0.028710527193304212,131
DL1_dg__0__mask,DL1_dg,0.88245690086365,132
DL1_dg__1__mask,DL1_dg,0.88245690086365,133
DL1_ag__value__mask,DL1_ag,0.0439939088776996,134
DJ8_dg__0__mask,DJ8_dg,0.8824124401169318,135
DJ8_dg__1__mask,DJ8_dg,0.8824124401169318,136
DJ8_ag__value__mask,DJ8_ag,0.14225215912501252,137
DM4_dg__0__mask,DM4_dg,0.5001834005802127,138
DM4_dg__1__mask,DM4_dg,0.5001834005802127,139
DM4_ag__value__mask,DM4_ag,0.04308246356997566,140
DM4_pt__0__mask,DM4_pt,0.04352707103715807,141
DM4_pt__1__mask,DM4_pt,0.04352707103715807,142
M_2_yr__1__mask,M_2_yr,0.6907866217613124,143
M_2_yr__2__mask,M_2_yr,0.6907866217613124,144
M_2_yr__3__mask,M_2_yr,0.6907866217613124,145
M_2_rs__1__mask,M_2_rs,0.050507408271921926,146
M_2_rs__2__mask,M_2_rs,0.050507408271921926,147
M_2_rs__3__mask,M_2_rs,0.050507408271921926,148
M_2_rs__4__mask,M_2_rs,0.050507408271921926,149
M_2_rs__5__mask,M_2_rs,0.050507408271921926,150
M_2_rs__6__mask,M_2_rs,0.050507408271921926,151
M_2_rs__7__mask,M_2_rs,0.050507408271921926,152
M_2_rs__8__mask,M_2_rs,0.050507408271921926,153
mt_nontrt__0__mask,mt_nontrt,0.9001300476841508,154
mt_nontrt__1__mask,mt_nontrt,0.9001300476841508,155
M_HL_1__1__mask,M_HL_1,0.12818033278868918,156
M_HL_1__2__mask,M_HL_1,0.12818033278868918,157
M_HL_1__3__mask,M_HL_1,0.12818033278868918,158
M_HL_1__4__mask,M_HL_1,0.12818033278868918,159
M_HL_2__1__mask,M_HL_2,0.12810252648193227,160
M_HL_2__2__mask,M_HL_2,0.12810252648193227,161
M_HL_2__3__mask,M_HL_2,0.12810252648193227,162
M_HL_2__4__mask,M_HL_2,0.12810252648193227,163
M_HL_3__1__mask,M_HL_3,0.12793579868173885,164
M_HL_3__2__mask,M_HL_3,0.12793579868173885,165
M_HL_3__3__mask,M_HL_3,0.12793579868173885,166
M_HL_3__4__mask,M_HL_3,0.12793579868173885,167
M_HL_4__1__mask,M_HL_4,0.12802472017517535,168
M_HL_4__2__mask,M_HL_4,0.12802472017517535,169
M_HL_4__3__mask,M_HL_4,0.12802472017517535,170
M_HL_4__4__mask,M_HL_4,0.12802472017517535,171
M_HL_5__1__mask,M_HL_5,0.12826925428212566,172
M_HL_5__2__mask,M_HL_5,0.12826925428212566,173
M_HL_5__3__mask,M_HL_5,0.12826925428212566,174
M_HL_5__4__mask,M_HL_5,0.12826925428212566,175
M_HL_6__1__mask,M_HL_6,0.1281469872286505,176
M_HL_6__2__mask,M_HL_6,0.1281469872286505,177
M_HL_6__3__mask,M_HL_6,0.1281469872286505,178
M_HL_6__4__mask,M_HL_6,0.1281469872286505,179
M_HL_7__1__mask,M_HL_7,0.12826925428212566,180
M_HL_7__2__mask,M_HL_7,0.12826925428212566,181
M_HL_7__3__mask,M_HL_7,0.12826925428212566,182
M_HL_7__4__mask,M_HL_7,0.12826925428212566,183
M_HL_8__1__mask,M_HL_8,0.12812475685529137,184
M_HL_8__2__mask,M_HL_8,0.12812475685529137,185
M_HL_8__3__mask,M_HL_8,0.12812475685529137,186
M_HL_8__4__mask,M_HL_8,0.12812475685529137,187
M_HL_9__1__mask,M_HL_9,0.12804695054853446,188
M_HL_9__2__mask,M_HL_9,0.12804695054853446,189
M_HL_9__3__mask,M_HL_9,0.12804695054853446,190
M_HL_9__4__mask,M_HL_9,0.12804695054853446,191
M_HL_10__1__mask,M_HL_10,0.12804695054853446,192
M_HL_10__2__mask,M_HL_10,0.12804695054853446,193
M_HL_10__3__mask,M_HL_10,0.12804695054853446,194
M_HL_10__4__mask,M_HL_10,0.12804695054853446,195
M_HL_S__value__mask,M_HL_S,0.1326819833939111,196
M_HL_11__1__mask,M_HL_11,0.12068869696666555,197
M_HL_11__2__mask,M_HL_11,0.12068869696666555,198
M_HL_11__3__mask,M_HL_11,0.12068869696666555,199
M_HL_11__4__mask,M_HL_11,0.12068869696666555,200
BH9_11__1__mask,BH9_11,0.8336056554069826,201
BH9_11__2__mask,BH9_11,0.8336056554069826,202
BH1__1__mask,BH1,0.7287560994586904,203
BH1__2__mask,BH1,0.7287560994586904,204
BH2_61__1__mask,BH2_61,0.7287116387119722,205
BH2_61__2__mask,BH2_61,0.7287116387119722,206
LQ4_00__1__mask,LQ4_00,0.8551357720052908,207
LQ4_00__2__mask,LQ4_00,0.8551357720052908,208
LQ4_01__0__mask,LQ4_01,0.06519056987562107,209
LQ4_01__1__mask,LQ4_01,0.06519056987562107,210
LQ4_02__0__mask,LQ4_02,0.06519056987562107,211
LQ4_02__1__mask,LQ4_02,0.06519056987562107,212
LQ4_03__0__mask,LQ4_03,0.06373448042059866,213
LQ4_03__1__mask,LQ4_03,0.06373448042059866,214
LQ4_04__0__mask,LQ4_04,0.06519056987562107,215
LQ4_04__1__mask,LQ4_04,0.06519056987562107,216
LQ4_05__0__mask,LQ4_05,0.06519056987562107,217
LQ4_05__1__mask,LQ4_05,0.06519056987562107,218
LQ4_06__0__mask,LQ4_06,0.06373448042059866,219
LQ4_06__1__mask,LQ4_06,0.06373448042059866,220
LQ4_07__0__mask,LQ4_07,0.06373448042059866,221
LQ4_07__1__mask,LQ4_07,0.06373448042059866,222
LQ4_08__0__mask,LQ4_08,0.06373448042059866,223
LQ4_08__1__mask,LQ4_08,0.06373448042059866,224
LQ4_09__0__mask,LQ4_09,0.06374559560727823,225
LQ4_09__1__mask,LQ4_09,0.06374559560727823,226
LQ4_10__0__mask,LQ4_10,0.06375671079395778,227
LQ4_10__1__mask,LQ4_10,0.06375671079395778,228
LQ4_11__0__mask,LQ4_11,0.06519056987562107,229
LQ4_11__1__mask,LQ4_11,0.06519056987562107,230
LQ4_12__0__mask,LQ4_12,0.06519056987562107,231
LQ4_12__1__mask,LQ4_12,0.06519056987562107,232
LQ4_13__0__mask,LQ4_13,0.06519056987562107,233
LQ4_13__1__mask,LQ4_13,0.06519056987562107,234
LQ4_14__0__mask,LQ4_14,0.06373448042059866,235
LQ4_14__1__mask,LQ4_14,0.06373448042059866,236
LQ4_15__0__mask,LQ4_15,0.06519056987562107,237
LQ4_15__1__mask,LQ4_15,0.06519056987562107,238
LQ4_16__0__mask,LQ4_16,0.06519056987562107,239
LQ4_16__1__mask,LQ4_16,0.06519056987562107,240
LQ4_21__0__mask,LQ4_21,0.06373448042059866,241
LQ4_21__1__mask,LQ4_21,0.06373448042059866,242
LQ4_22__0__mask,LQ4_22,0.06373448042059866,243
LQ4_22__1__mask,LQ4_22,0.06373448042059866,244
LQ4_25__0__mask,LQ4_25,0.048751208776551404,245
LQ4_25__1__mask,LQ4_25,0.048751208776551404,246
LQ4_26__0__mask,LQ4_26,0.048751208776551404,247
LQ4_26__1__mask,LQ4_26,0.048751208776551404,248
LQ4_27__0__mask,LQ4_27,0.048751208776551404,249
LQ4_27__1__mask,LQ4_27,0.048751208776551404,250
LQ4_28__0__mask,LQ4_28,0.048762323963230964,251
LQ4_28__1__mask,LQ4_28,0.048762323963230964,252
LQ4_29__0__mask,LQ4_29,0.048762323963230964,253
LQ4_29__1__mask,LQ4_29,0.048762323963230964,254
LQ4_23__0__mask,LQ4_23,0.06519056987562107,255
LQ4_23__1__mask,LQ4_23,0.06519056987562107,256
LQ1_sb__1__mask,LQ1_sb,0.8551135416319318,257
LQ1_sb__2__mask,LQ1_sb,0.8551135416319318,258
LQ1_mn__value__mask,LQ1_mn,0.05735436326653106,259
LQ2_ab__1__mask,LQ2_ab,0.5941845343292541,260
LQ2_ab__2__mask,LQ2_ab,0.5941845343292541,261
LQ2_mn__value__mask,LQ2_mn,0.030022119221492324,262
LQ_1EQL__1__mask,LQ_1EQL,0.6155923838740872,263
LQ_1EQL__2__mask,LQ_1EQL,0.6155923838740872,264
LQ_1EQL__3__mask,LQ_1EQL,0.6155923838740872,265
LQ_2EQL__1__mask,LQ_2EQL,0.6156257294341259,266
LQ_2EQL__2__mask,LQ_2EQL,0.6156257294341259,267
LQ_2EQL__3__mask,LQ_2EQL,0.6156257294341259,268
LQ_3EQL__1__mask,LQ_3EQL,0.6155812686874076,269
LQ_3EQL__2__mask,LQ_3EQL,0.6155812686874076,270
LQ_3EQL__3__mask,LQ_3EQL,0.6155812686874076,271
LQ_4EQL__1__mask,LQ_4EQL,0.6154478864472529,272
LQ_4EQL__2__mask,LQ_4EQL,0.6154478864472529,273
LQ_4EQL__3__mask,LQ_4EQL,0.6154478864472529,274
LQ_5EQL__1__mask,LQ_5EQL,0.6154034257005346,275
LQ_5EQL__2__mask,LQ_5EQL,0.6154034257005346,276
LQ_5EQL__3__mask,LQ_5EQL,0.6154034257005346,277
EQ5D__value__mask,EQ5D,0.6151588915935843,278
LQ_LF1__0__mask,LQ_LF1,0.01917369702224149,279
LQ_LF1__1__mask,LQ_LF1,0.01917369702224149,280
LQ_LF1__2__mask,LQ_LF1,0.01917369702224149,281
LQ_LF1__3__mask,LQ_LF1,0.01917369702224149,282
LQ_LF1__4__mask,LQ_LF1,0.01917369702224149,283
LQ_LF2__0__mask,LQ_LF2,0.019162581835561927,284
LQ_LF2__1__mask,LQ_LF2,0.019162581835561927,285
LQ_LF2__2__mask,LQ_LF2,0.019162581835561927,286
LQ_LF2__3__mask,LQ_LF2,0.019162581835561927,287
LQ_LF2__4__mask,LQ_LF2,0.019162581835561927,288
LQ_LF3__0__mask,LQ_LF3,0.019162581835561927,289
LQ_LF3__1__mask,LQ_LF3,0.019162581835561927,290
LQ_LF3__2__mask,LQ_LF3,0.019162581835561927,291
LQ_LF3__3__mask,LQ_LF3,0.019162581835561927,292
LQ_LF3__4__mask,LQ_LF3,0.019162581835561927,293
LQ_LF4__0__mask,LQ_LF4,0.019151466648882367,294
LQ_LF4__1__mask,LQ_LF4,0.019151466648882367,295
LQ_LF4__2__mask,LQ_LF4,0.019151466648882367,296
LQ_LF4__3__mask,LQ_LF4,0.019151466648882367,297
LQ_LF4__4__mask,LQ_LF4,0.019151466648882367,298
LQ_LF5__0__mask,LQ_LF5,0.019151466648882367,299
LQ_LF5__1__mask,LQ_LF5,0.019151466648882367,300
LQ_LF5__2__mask,LQ_LF5,0.019151466648882367,301
LQ_LF5__3__mask,LQ_LF5,0.019151466648882367,302
LQ_LF5__4__mask,LQ_LF5,0.019151466648882367,303
LQ_LF6__0__mask,LQ_LF6,0.01917369702224149,304
LQ_LF6__1__mask,LQ_LF6,0.01917369702224149,305
LQ_LF6__2__mask,LQ_LF6,0.01917369702224149,306
LQ_LF6__3__mask,LQ_LF6,0.01917369702224149,307
LQ_LF6__4__mask,LQ_LF6,0.01917369702224149,308
LQ_LF7__0__mask,LQ_LF7,0.01917369702224149,309
LQ_LF7__1__mask,LQ_LF7,0.01917369702224149,310
LQ_LF7__2__mask,LQ_LF7,0.01917369702224149,311
LQ_LF7__3__mask,LQ_LF7,0.01917369702224149,312
LQ_LF7__4__mask,LQ_LF7,0.01917369702224149,313
LQ_LF8__0__mask,LQ_LF8,0.01917369702224149,314
LQ_LF8__1__mask,LQ_LF8,0.01917369702224149,315
LQ_LF8__2__mask,LQ_LF8,0.01917369702224149,316
LQ_LF8__3__mask,LQ_LF8,0.01917369702224149,317
LQ_LF8__4__mask,LQ_LF8,0.01917369702224149,318
LQ_LF9__0__mask,LQ_LF9,0.019140351462202807,319
LQ_LF9__1__mask,LQ_LF9,0.019140351462202807,320
LQ_LF9__2__mask,LQ_LF9,0.019140351462202807,321
LQ_LF9__3__mask,LQ_LF9,0.019140351462202807,322
LQ_LF9__4__mask,LQ_LF9,0.019140351462202807,323
LQ_LF10__0__mask,LQ_LF10,0.019118121088843688,324
LQ_LF10__1__mask,LQ_LF10,0.019118121088843688,325
LQ_LF10__2__mask,LQ_LF10,0.019118121088843688,326
LQ_LF10__3__mask,LQ_LF10,0.019118121088843688,327
LQ_LF10__4__mask,LQ_LF10,0.019118121088843688,328
LQ_LF_S__value__mask,LQ_LF_S,0.019062545155445886,329
AC1_yr__1__mask,AC1_yr,0.6803605766558849,330
AC1_yr__2__mask,AC1_yr,0.6803605766558849,331
AC3__value__mask,AC3,0.04726177376149032,332
AC3_1_01__value__mask,AC3_1_01,0.047172852268053844,333
AC3_2_01__value__mask,AC3_2_01,0.04710616114797648,334
AC8_1_01__1__mask,AC8_1_01,0.04726177376149032,335
AC8_1_01__2__mask,AC8_1_01,0.04726177376149032,336
AC8_1_01__3__mask,AC8_1_01,0.04726177376149032,337
AC8_1_01__4__mask,AC8_1_01,0.04726177376149032,338
AC8_2w_01__1__mask,AC8_2w_01,0.032045083197172294,339
AC8_2w_01__2__mask,AC8_2w_01,0.032045083197172294,340
AC8_2_01__value__mask,AC8_2_01,0.010292662865272821,341
AC8_3w_01__1__mask,AC8_3w_01,0.023375237587115277,342
AC8_3w_01__2__mask,AC8_3w_01,0.023375237587115277,343
AC8_3_01__value__mask,AC8_3_01,0.008803227850211745,344
AC3_1_02__value__mask,AC3_1_02,0.0029566396567630355,345
AC3_2_02__value__mask,AC3_2_02,0.0029232940967243545,346
AC8_1_02__1__mask,AC8_1_02,0.0029677548434425957,347
AC8_1_02__2__mask,AC8_1_02,0.0029677548434425957,348
AC8_1_02__3__mask,AC8_1_02,0.0029677548434425957,349
AC8_1_02__4__mask,AC8_1_02,0.0029677548434425957,350
AC8_2w_02__1__mask,AC8_2w_02,0.0020229639756799717,351
AC8_2w_02__2__mask,AC8_2w_02,0.0020229639756799717,352
AC8_2_02__value__mask,AC8_2_02,0.0005224137739393333,353
AC8_3w_02__1__mask,AC8_3w_02,0.0014227438949837162,354
AC8_3w_02__2__mask,AC8_3w_02,0.0014227438949837162,355
AC8_3_02__value__mask,AC8_3_02,0.0004890682139006525,356
AC3_1_03__value__mask,AC3_1_03,0.00042237709382329076,357
AC3_2_03__value__mask,AC3_2_03,0.00042237709382329076,358
AC8_1_03__1__mask,AC8_1_03,0.00042237709382329076,359
AC8_1_03__2__mask,AC8_1_03,0.00042237709382329076,360
AC8_1_03__3__mask,AC8_1_03,0.00042237709382329076,361
AC8_1_03__4__mask,AC8_1_03,0.00042237709382329076,362
AC8_2w_03__1__mask,AC8_2w_03,0.0002778796669890071,363
AC8_2w_03__2__mask,AC8_2w_03,0.0002778796669890071,364
AC8_2_03__value__mask,AC8_2_03,3.334556003868085e-05,365
AC8_3w_03__1__mask,AC8_3w_03,0.0002000733602320851,366
AC8_3w_03__2__mask,AC8_3w_03,0.0002000733602320851,367
AC8_3_03__value__mask,AC8_3_03,5.5575933397801415e-05,368
AC3_1_04__value__mask,AC3_1_04,0.00011115186679560283,369
AC3_2_04__value__mask,AC3_2_04,0.00011115186679560283,370
AC8_1_04__1__mask,AC8_1_04,0.00011115186679560283,371
AC8_1_04__2__mask,AC8_1_04,0.00011115186679560283,372
AC8_1_04__3__mask,AC8_1_04,0.00011115186679560283,373
AC8_1_04__4__mask,AC8_1_04,0.00011115186679560283,374
AC8_2w_04__1__mask,AC8_2w_04,5.5575933397801415e-05,375
AC8_2w_04__2__mask,AC8_2w_04,5.5575933397801415e-05,376
AC8_2_04__value__mask,AC8_2_04,1.1115186679560283e-05,377
AC8_3w_04__1__mask,AC8_3w_04,4.446074671824113e-05,378
AC8_3w_04__2__mask,AC8_3w_04,4.446074671824113e-05,379
AC8_3_04__value__mask,AC8_3_04,1.1115186679560283e-05,380
AC3_1_05__value__mask,AC3_1_05,4.446074671824113e-05,381
AC3_2_05__value__mask,AC3_2_05,4.446074671824113e-05,382
AC8_1_05__1__mask,AC8_1_05,4.446074671824113e-05,383
AC8_1_05__2__mask,AC8_1_05,4.446074671824113e-05,384
AC8_1_05__3__mask,AC8_1_05,4.446074671824113e-05,385
AC8_1_05__4__mask,AC8_1_05,4.446074671824113e-05,386
AC8_2w_05__1__mask,AC8_2w_05,2.2230373359120566e-05,387
AC8_2w_05__2__mask,AC8_2w_05,2.2230373359120566e-05,388
AC8_2_05__value__mask,AC8_2_05,1.1115186679560283e-05,389
AC8_3w_05__1__mask,AC8_3w_05,2.2230373359120566e-05,390
AC8_3w_05__2__mask,AC8_3w_05,2.2230373359120566e-05,391
AC8_3_05__value__mask,AC8_3_05,0.0,392
AC3_1_06__value__mask,AC3_1_06,2.2230373359120566e-05,393
AC3_2_06__value__mask,AC3_2_06,2.2230373359120566e-05,394
AC8_1_06__1__mask,AC8_1_06,2.2230373359120566e-05,395
AC8_1_06__2__mask,AC8_1_06,2.2230373359120566e-05,396
AC8_1_06__3__mask,AC8_1_06,2.2230373359120566e-05,397
AC8_1_06__4__mask,AC8_1_06,2.2230373359120566e-05,398
AC8_2w_06__1__mask,AC8_2w_06,2.2230373359120566e-05,399
AC8_2w_06__2__mask,AC8_2w_06,2.2230373359120566e-05,400
AC8_2_06__value__mask,AC8_2_06,1.1115186679560283e-05,401
AC8_3w_06__1__mask,AC8_3w_06,2.2230373359120566e-05,402
AC8_3w_06__2__mask,AC8_3w_06,2.2230373359120566e-05,403
AC8_3_06__value__mask,AC8_3_06,0.0,404
ij_expr__0__mask,ij_expr,0.6803605766558849,405
ij_expr__1__mask,ij_expr,0.6803605766558849,406
MH1_yr__1__mask,MH1_yr,0.6903753598541688,407
MH1_yr__2__mask,MH1_yr,0.6903753598541688,408
MH1_1__value__mask,MH1_1,0.07274889681772205,409
MO1_wk__1__mask,MO1_wk,0.6904309357875665,410
MO1_wk__2__mask,MO1_wk,0.6904309357875665,411
MO1_1__value__mask,MO1_1,0.20356352884946702,412
educ__1__mask,educ,0.7999044093945558,413
educ__2__mask,educ,0.7999044093945558,414
educ__3__mask,educ,0.7999044093945558,415
educ__4__mask,educ,0.7999044093945558,416
educ__5__mask,educ,0.7999044093945558,417
educ__6__mask,educ,0.7999044093945558,418
educ__7__mask,educ,0.7999044093945558,419
educ__8__mask,educ,0.7999044093945558,420
graduat__1__mask,graduat,0.7755843809396779,421
graduat__2__mask,graduat,0.7755843809396779,422
graduat__3__mask,graduat,0.7755843809396779,423
graduat__4__mask,graduat,0.7755843809396779,424
EC_pedu_1__1__mask,EC_pedu_1,0.546611535340736,425
EC_pedu_1__2__mask,EC_pedu_1,0.546611535340736,426
EC_pedu_1__3__mask,EC_pedu_1,0.546611535340736,427
EC_pedu_1__4__mask,EC_pedu_1,0.546611535340736,428
EC_pedu_1__5__mask,EC_pedu_1,0.546611535340736,429
EC_pedu_1__6__mask,EC_pedu_1,0.546611535340736,430
EC_pedu_1__7__mask,EC_pedu_1,0.546611535340736,431
EC_pedu_1__8__mask,EC_pedu_1,0.546611535340736,432
EC_pedu_2__1__mask,EC_pedu_2,0.5622283726255183,433
EC_pedu_2__2__mask,EC_pedu_2,0.5622283726255183,434
EC_pedu_2__3__mask,EC_pedu_2,0.5622283726255183,435
EC_pedu_2__4__mask,EC_pedu_2,0.5622283726255183,436
EC_pedu_2__5__mask,EC_pedu_2,0.5622283726255183,437
EC_pedu_2__6__mask,EC_pedu_2,0.5622283726255183,438
EC_pedu_2__7__mask,EC_pedu_2,0.5622283726255183,439
EC_pedu_2__8__mask,EC_pedu_2,0.5622283726255183,440
CH2_1__1__mask,CH2_1,0.05595384974490646,441
CH2_1__2__mask,CH2_1,0.05595384974490646,442
CH2_1__3__mask,CH2_1,0.05595384974490646,443
CH2_2__1__mask,CH2_2,0.10431602698767325,444
CH2_2__2__mask,CH2_2,0.10431602698767325,445
CH2_2__3__mask,CH2_2,0.10431602698767325,446
CH2_2__4__mask,CH2_2,0.10431602698767325,447
EC1_1__1__mask,EC1_1,0.7607789522825036,448
EC1_1__2__mask,EC1_1,0.7607789522825036,449
EC_occp__1__mask,EC_occp,0.4419064768192782,450
EC_occp__2__mask,EC_occp,0.4419064768192782,451
EC_occp__3__mask,EC_occp,0.4419064768192782,452
EC_occp__4__mask,EC_occp,0.4419064768192782,453
EC_occp__5__mask,EC_occp,0.4419064768192782,454
EC_occp__6__mask,EC_occp,0.4419064768192782,455
EC_occp__7__mask,EC_occp,0.4419064768192782,456
EC_occp__8__mask,EC_occp,0.4419064768192782,457
EC_occp__9__mask,EC_occp,0.4419064768192782,458
EC_occp__10__mask,EC_occp,0.4419064768192782,459
EC_stt_1__1__mask,EC_stt_1,0.4422288172329854,460
EC_stt_1__2__mask,EC_stt_1,0.4422288172329854,461
EC_stt_1__3__mask,EC_stt_1,0.4422288172329854,462
EC_stt_1__4__mask,EC_stt_1,0.4422288172329854,463
EC_stt_2__1__mask,EC_stt_2,0.3156601865128325,464
EC_stt_2__2__mask,EC_stt_2,0.3156601865128325,465
EC_stt_2__3__mask,EC_stt_2,0.3156601865128325,466
EC_wht_0__1__mask,EC_wht_0,0.31407071481765536,467
EC_wht_0__2__mask,EC_wht_0,0.31407071481765536,468
EC_wht_23__value__mask,EC_wht_23,0.5057521091066725,469
EC_wht_5__1__mask,EC_wht_5,0.4245556704124846,470
EC_wht_5__2__mask,EC_wht_5,0.4245556704124846,471
EC_wht_5__3__mask,EC_wht_5,0.4245556704124846,472
EC_wht_5__4__mask,EC_wht_5,0.4245556704124846,473
EC_wht_5__5__mask,EC_wht_5,0.4245556704124846,474
EC_wht_5__6__mask,EC_wht_5,0.4245556704124846,475
EC_wht_5__7__mask,EC_wht_5,0.4245556704124846,476
EC_wht_5__8__mask,EC_wht_5,0.4245556704124846,477
EC_lgw_2__1__mask,EC_lgw_2,0.6295864039036536,478
EC_lgw_2__2__mask,EC_lgw_2,0.6295864039036536,479
EC_lgw_2__3__mask,EC_lgw_2,0.6295864039036536,480
EC_lgw_2__4__mask,EC_lgw_2,0.6295864039036536,481
EC_lgw_2__5__mask,EC_lgw_2,0.6295864039036536,482
EC_lgw_2__6__mask,EC_lgw_2,0.6295864039036536,483
EC_lgw_2__7__mask,EC_lgw_2,0.6295864039036536,484
EC_lgw_2__8__mask,EC_lgw_2,0.6295864039036536,485
EC_lgw_2__9__mask,EC_lgw_2,0.6295864039036536,486
EC_lgw_2__10__mask,EC_lgw_2,0.6295864039036536,487
EC_lgw_4__1__mask,EC_lgw_4,0.6300754721175542,488
EC_lgw_4__2__mask,EC_lgw_4,0.6300754721175542,489
EC_lgw_4__3__mask,EC_lgw_4,0.6300754721175542,490
EC_lgw_4__4__mask,EC_lgw_4,0.6300754721175542,491
EC_lgw_5__1__mask,EC_lgw_5,0.4532328520457501,492
EC_lgw_5__2__mask,EC_lgw_5,0.4532328520457501,493
EC_lgw_5__3__mask,EC_lgw_5,0.4532328520457501,494
BO1__1__mask,BO1,0.8932275167561439,495
BO1__2__mask,BO1,0.8932275167561439,496
BO1__3__mask,BO1,0.8932275167561439,497
BO1__4__mask,BO1,0.8932275167561439,498
BO1__5__mask,BO1,0.8932275167561439,499
BO1_1__1__mask,BO1_1,0.7645025398201563,500
BO1_1__2__mask,BO1_1,0.7645025398201563,501
BO1_1__3__mask,BO1_1,0.7645025398201563,502
BO1_2__1__mask,BO1_2,0.10648348839018751,503
BO1_2__2__mask,BO1_2,0.10648348839018751,504
BO1_2__3__mask,BO1_2,0.10648348839018751,505
BO1_3__1__mask,BO1_3,0.17734280347238432,506
BO1_3__2__mask,BO1_3,0.17734280347238432,507
BO1_3__3__mask,BO1_3,0.17734280347238432,508
BO2_1__1__mask,BO2_1,0.8931385952627074,509
BO2_1__2__mask,BO2_1,0.8931385952627074,510
BO2_1__3__mask,BO2_1,0.8931385952627074,511
BO2_1__4__mask,BO2_1,0.8931385952627074,512
BD1__1__mask,BD1,0.8278591038936499,513
BD1__2__mask,BD1,0.8278591038936499,514
BD2__value__mask,BD2,0.6889192703991464,515
BD1_11__1__mask,BD1_11,0.6908977736281081,516
BD1_11__2__mask,BD1_11,0.6908977736281081,517
BD1_11__3__mask,BD1_11,0.6908977736281081,518
BD1_11__4__mask,BD1_11,0.6908977736281081,519
BD1_11__5__mask,BD1_11,0.6908977736281081,520
BD1_11__6__mask,BD1_11,0.6908977736281081,521
BD2_1__1__mask,BD2_1,0.5522913957339913,522
BD2_1__2__mask,BD2_1,0.5522913957339913,523
BD2_1__3__mask,BD2_1,0.5522913957339913,524
BD2_1__4__mask,BD2_1,0.5522913957339913,525
BD2_1__5__mask,BD2_1,0.5522913957339913,526
BD2_14__value__mask,BD2_14,0.05018506785821468,527
BD2_31__1__mask,BD2_31,0.5521135527471184,528
BD2_31__2__mask,BD2_31,0.5521135527471184,529
BD2_31__3__mask,BD2_31,0.5521135527471184,530
BD2_31__4__mask,BD2_31,0.5521135527471184,531
BD2_31__5__mask,BD2_31,0.5521135527471184,532
BD2_32__1__mask,BD2_32,0.2701434970600331,533
BD2_32__2__mask,BD2_32,0.2701434970600331,534
BD2_32__3__mask,BD2_32,0.2701434970600331,535
BD2_32__4__mask,BD2_32,0.2701434970600331,536
BD2_32__5__mask,BD2_32,0.2701434970600331,537
BD7_4__1__mask,BD7_4,0.6747140618226684,538
BD7_4__2__mask,BD7_4,0.6747140618226684,539
BD7_4__3__mask,BD7_4,0.6747140618226684,540
BD7_5__1__mask,BD7_5,0.7417719830604556,541
BD7_5__2__mask,BD7_5,0.7417719830604556,542
BD7_61__0__mask,BD7_61,0.4850000555759334,543
BD7_61__1__mask,BD7_61,0.4850000555759334,544
BD7_62__0__mask,BD7_62,0.4850000555759334,545
BD7_62__1__mask,BD7_62,0.4850000555759334,546
BD7_63__0__mask,BD7_63,0.4850000555759334,547
BD7_63__1__mask,BD7_63,0.4850000555759334,548
BD7_64__0__mask,BD7_64,0.4850000555759334,549
BD7_64__1__mask,BD7_64,0.4850000555759334,550
BD7_65__0__mask,BD7_65,0.4850000555759334,551
BD7_65__1__mask,BD7_65,0.4850000555759334,552
BD7_66__0__mask,BD7_66,0.4850000555759334,553
BD7_66__1__mask,BD7_66,0.4850000555759334,554
dr_month__0__mask,dr_month,0.8276701457200973,555
dr_month__1__mask,dr_month,0.8276701457200973,556
BA2_12__1__mask,BA2_12,0.45686751808996634,557
BA2_12__2__mask,BA2_12,0.45686751808996634,558
BA2_12__3__mask,BA2_12,0.45686751808996634,559
BA2_12__4__mask,BA2_12,0.45686751808996634,560
BA2_12__5__mask,BA2_12,0.45686751808996634,561
BA2_13__1__mask,BA2_13,0.7870997143397024,562
BA2_13__2__mask,BA2_13,0.7870997143397024,563
BA2_13__3__mask,BA2_13,0.7870997143397024,564
BA2_13__4__mask,BA2_13,0.7870997143397024,565
BA2_13__5__mask,BA2_13,0.7870997143397024,566
BA2_14__1__mask,BA2_14,0.378160881212,567
BA2_14__2__mask,BA2_14,0.378160881212,568
BA2_14__3__mask,BA2_14,0.378160881212,569
BA2_14__4__mask,BA2_14,0.378160881212,570
BA2_14__5__mask,BA2_14,0.378160881212,571
BA2_2_1__1__mask,BA2_2_1,0.16732802027410051,572
BA2_2_1__2__mask,BA2_2_1,0.16732802027410051,573
BA2_2_2__value__mask,BA2_2_2,0.016272633298876255,574
BA2_2_3__1__mask,BA2_2_3,0.037191414629808704,575
BA2_2_3__2__mask,BA2_2_3,0.037191414629808704,576
BA2_2_4__value__mask,BA2_2_4,0.003801393844409617,577
BA2_2_5__1__mask,BA2_2_5,0.42646748252136896,578
BA2_2_5__2__mask,BA2_2_5,0.42646748252136896,579
BA2_2_6__value__mask,BA2_2_6,0.026454144297353474,580
BA2_22__1__mask,BA2_22,0.7645803461269132,581
BA2_22__2__mask,BA2_22,0.7645803461269132,582
BA2_22__3__mask,BA2_22,0.7645803461269132,583
BA2_22__4__mask,BA2_22,0.7645803461269132,584
BA2_22__5__mask,BA2_22,0.7645803461269132,585
BA1_1__1__mask,BA1_1,0.11091844787533206,586
BA1_1__2__mask,BA1_1,0.11091844787533206,587
BA1_1__3__mask,BA1_1,0.11091844787533206,588
BA1_1__4__mask,BA1_1,0.11091844787533206,589
BA1_1__5__mask,BA1_1,0.11091844787533206,590
BA1_1__6__mask,BA1_1,0.11091844787533206,591
BA1_3__1__mask,BA1_3,0.14875454333255528,592
BA1_3__2__mask,BA1_3,0.14875454333255528,593
BA1_3__3__mask,BA1_3,0.14875454333255528,594
BA1_3__4__mask,BA1_3,0.14875454333255528,595
BA1_3__5__mask,BA1_3,0.14875454333255528,596
BA1_2__1__mask,BA1_2,0.046083563973456934,597
BA1_2__2__mask,BA1_2,0.046083563973456934,598
BA1_2__3__mask,BA1_2,0.046083563973456934,599
BA1_2__4__mask,BA1_2,0.046083563973456934,600
BA1_2__5__mask,BA1_2,0.046083563973456934,601
BA1_2__6__mask,BA1_2,0.046083563973456934,602
sc_seatblt__0__mask,sc_seatblt,0.45686751808996634,603
sc_seatblt__1__mask,sc_seatblt,0.45686751808996634,604
sc_seatblt2__0__mask,sc_seatblt2,0.7870997143397024,605
sc_seatblt2__1__mask,sc_seatblt2,0.7870997143397024,606
sc_seatblt3__0__mask,sc_seatblt3,0.378160881212,607
sc_seatblt3__1__mask,sc_seatblt3,0.378160881212,608
BP16_11__value__mask,BP16_11,0.34490424266675557,609
BP16_12__value__mask,BP16_12,0.34490424266675557,610
BP16_13__value__mask,BP16_13,0.3450153945335512,611
BP16_14__value__mask,BP16_14,0.3450042793468716,612
BP16_21__value__mask,BP16_21,0.34482643635999866,613
BP16_22__value__mask,BP16_22,0.34482643635999866,614
BP16_23__value__mask,BP16_23,0.3450042793468716,615
BP16_24__value__mask,BP16_24,0.34499316416019205,616
BP_PHQ_1__0__mask,BP_PHQ_1,0.36064334700501294,617
BP_PHQ_1__1__mask,BP_PHQ_1,0.36064334700501294,618
BP_PHQ_1__2__mask,BP_PHQ_1,0.36064334700501294,619
BP_PHQ_1__3__mask,BP_PHQ_1,0.36064334700501294,620
BP_PHQ_2__0__mask,BP_PHQ_2,0.3604988495781787,621
BP_PHQ_2__1__mask,BP_PHQ_2,0.3604988495781787,622
BP_PHQ_2__2__mask,BP_PHQ_2,0.3604988495781787,623
BP_PHQ_2__3__mask,BP_PHQ_2,0.3604988495781787,624
BP_PHQ_3__0__mask,BP_PHQ_3,0.36067669256505164,625
BP_PHQ_3__1__mask,BP_PHQ_3,0.36067669256505164,626
BP_PHQ_3__2__mask,BP_PHQ_3,0.36067669256505164,627
BP_PHQ_3__3__mask,BP_PHQ_3,0.36067669256505164,628
BP_PHQ_4__0__mask,BP_PHQ_4,0.36044327364478085,629
BP_PHQ_4__1__mask,BP_PHQ_4,0.36044327364478085,630
BP_PHQ_4__2__mask,BP_PHQ_4,0.36044327364478085,631
BP_PHQ_4__3__mask,BP_PHQ_4,0.36044327364478085,632
BP_PHQ_5__0__mask,BP_PHQ_5,0.36071003812509034,633
BP_PHQ_5__1__mask,BP_PHQ_5,0.36071003812509034,634
BP_PHQ_5__2__mask,BP_PHQ_5,0.36071003812509034,635
BP_PHQ_5__3__mask,BP_PHQ_5,0.36071003812509034,636
BP_PHQ_6__0__mask,BP_PHQ_6,0.36050996476485825,637
BP_PHQ_6__1__mask,BP_PHQ_6,0.36050996476485825,638
BP_PHQ_6__2__mask,BP_PHQ_6,0.36050996476485825,639
BP_PHQ_6__3__mask,BP_PHQ_6,0.36050996476485825,640
BP_PHQ_7__0__mask,BP_PHQ_7,0.3606100014449743,641
BP_PHQ_7__1__mask,BP_PHQ_7,0.3606100014449743,642
BP_PHQ_7__2__mask,BP_PHQ_7,0.3606100014449743,643
BP_PHQ_7__3__mask,BP_PHQ_7,0.3606100014449743,644
BP_PHQ_8__0__mask,BP_PHQ_8,0.36071003812509034,645
BP_PHQ_8__1__mask,BP_PHQ_8,0.36071003812509034,646
BP_PHQ_8__2__mask,BP_PHQ_8,0.36071003812509034,647
BP_PHQ_8__3__mask,BP_PHQ_8,0.36071003812509034,648
BP_PHQ_9__0__mask,BP_PHQ_9,0.36066557737837207,649
BP_PHQ_9__1__mask,BP_PHQ_9,0.36066557737837207,650
BP_PHQ_9__2__mask,BP_PHQ_9,0.36066557737837207,651
BP_PHQ_9__3__mask,BP_PHQ_9,0.36066557737837207,652
mh_PHQ_S__value__mask,mh_PHQ_S,0.3589538386297198,653
BP_GAD_1__0__mask,BP_GAD_1,0.249469249836051,654
BP_GAD_1__1__mask,BP_GAD_1,0.249469249836051,655
BP_GAD_1__2__mask,BP_GAD_1,0.249469249836051,656
BP_GAD_1__3__mask,BP_GAD_1,0.249469249836051,657
BP_GAD_2__0__mask,BP_GAD_2,0.24944701946269188,658
BP_GAD_2__1__mask,BP_GAD_2,0.24944701946269188,659
BP_GAD_2__2__mask,BP_GAD_2,0.24944701946269188,660
BP_GAD_2__3__mask,BP_GAD_2,0.24944701946269188,661
BP_GAD_3__0__mask,BP_GAD_3,0.2493803283426145,662
BP_GAD_3__1__mask,BP_GAD_3,0.2493803283426145,663
BP_GAD_3__2__mask,BP_GAD_3,0.2493803283426145,664
BP_GAD_3__3__mask,BP_GAD_3,0.2493803283426145,665
BP_GAD_4__0__mask,BP_GAD_4,0.2493025220358576,666
BP_GAD_4__1__mask,BP_GAD_4,0.2493025220358576,667
BP_GAD_4__2__mask,BP_GAD_4,0.2493025220358576,668
BP_GAD_4__3__mask,BP_GAD_4,0.2493025220358576,669
BP_GAD_5__0__mask,BP_GAD_5,0.24936921315593497,670
BP_GAD_5__1__mask,BP_GAD_5,0.24936921315593497,671
BP_GAD_5__2__mask,BP_GAD_5,0.24936921315593497,672
BP_GAD_5__3__mask,BP_GAD_5,0.24936921315593497,673
BP_GAD_6__0__mask,BP_GAD_6,0.2494136739026532,674
BP_GAD_6__1__mask,BP_GAD_6,0.2494136739026532,675
BP_GAD_6__2__mask,BP_GAD_6,0.2494136739026532,676
BP_GAD_6__3__mask,BP_GAD_6,0.2494136739026532,677
BP_GAD_7__0__mask,BP_GAD_7,0.2493580979692554,678
BP_GAD_7__1__mask,BP_GAD_7,0.2493580979692554,679
BP_GAD_7__2__mask,BP_GAD_7,0.2493580979692554,680
BP_GAD_7__3__mask,BP_GAD_7,0.2493580979692554,681
mh_GAD_S__value__mask,mh_GAD_S,0.24916913979570288,682
BP1__1__mask,BP1,0.8267698155990529,683
BP1__2__mask,BP1,0.8267698155990529,684
BP1__3__mask,BP1,0.8267698155990529,685
BP1__4__mask,BP1,0.8267698155990529,686
BP2__1__mask,BP2,0.10669467693709916,687
BP2__2__mask,BP2,0.10669467693709916,688
BP2__3__mask,BP2,0.10669467693709916,689
BP2__4__mask,BP2,0.10669467693709916,690
BP2__5__mask,BP2,0.10669467693709916,691
BP2__6__mask,BP2,0.10669467693709916,692
BP2__7__mask,BP2,0.10669467693709916,693
BP2__8__mask,BP2,0.10669467693709916,694
BP2__9__mask,BP2,0.10669467693709916,695
BP5__1__mask,BP5,0.4158191336823502,696
BP5__2__mask,BP5,0.4158191336823502,697
BP6_10__1__mask,BP6_10,0.4158524792423889,698
BP6_10__2__mask,BP6_10,0.4158524792423889,699
BP6_2__1__mask,BP6_2,0.7638912045527805,700
BP6_2__2__mask,BP6_2,0.7638912045527805,701
BP6_31__1__mask,BP6_31,0.7639356652994987,702
BP6_31__2__mask,BP6_31,0.7639356652994987,703
BP7__1__mask,BP7,0.6975335400758056,704
BP7__2__mask,BP7,0.6975335400758056,705
mh_stress__0__mask,mh_stress,0.8267698155990529,706
mh_stress__1__mask,mh_stress,0.8267698155990529,707
BS1_1__1__mask,BS1_1,0.7642691208998855,708
BS1_1__2__mask,BS1_1,0.7642691208998855,709
BS1_1__3__mask,BS1_1,0.7642691208998855,710
BS2_1__value__mask,BS2_1,0.25517134060266544,711
BS2_2__value__mask,BS2_2,0.0926339657874554,712
BS3_1__1__mask,BS3_1,0.3009659097224538,713
BS3_1__2__mask,BS3_1,0.3009659097224538,714
BS3_1__3__mask,BS3_1,0.3009659097224538,715
BS3_2__value__mask,BS3_2,0.1315926950993142,716
BS3_3__value__mask,BS3_3,0.018462325074749632,717
BS6_2__value__mask,BS6_2,0.16893972234263674,718
BS6_2_1__value__mask,BS6_2_1,0.16893972234263674,719
BS6_2_2__value__mask,BS6_2_2,0.16893972234263674,720
BS6_3__value__mask,BS6_3,0.16912868051618926,721
BS6_4__value__mask,BS6_4,0.16910645014283016,722
BS6_4_1__value__mask,BS6_4_1,0.16910645014283016,723
BS6_4_2__value__mask,BS6_4_2,0.16910645014283016,724
BS12_37__1__mask,BS12_37,0.38358509231162535,725
BS12_37__2__mask,BS12_37,0.38358509231162535,726
BS12_47__1__mask,BS12_47,0.03237853879755911,727
BS12_47__2__mask,BS12_47,0.03237853879755911,728
BS12_47__3__mask,BS12_47,0.03237853879755911,729
BS12_47_1__value__mask,BS12_47_1,0.013582758122422666,730
BS12_47_2__value__mask,BS12_47_2,0.0034790534307023685,731
BS12_1__1__mask,BS12_1,0.7642246601531673,732
BS12_1__2__mask,BS12_1,0.7642246601531673,733
BS12_2__1__mask,BS12_2,0.05265263930107706,734
BS12_2__2__mask,BS12_2,0.05265263930107706,735
BS12_31__0__mask,BS12_31,0.6472039747907566,736
BS12_31__1__mask,BS12_31,0.6472039747907566,737
BS12_32__0__mask,BS12_32,0.6472039747907566,738
BS12_32__1__mask,BS12_32,0.6472039747907566,739
BS12_33__0__mask,BS12_33,0.6472039747907566,740
BS12_33__1__mask,BS12_33,0.6472039747907566,741
BS12_34__0__mask,BS12_34,0.6472039747907566,742
BS12_34__1__mask,BS12_34,0.6472039747907566,743
BS12_36__0__mask,BS12_36,0.6472039747907566,744
BS12_36__1__mask,BS12_36,0.6472039747907566,745
BS12_41__0__mask,BS12_41,0.03067791523558638,746
BS12_41__1__mask,BS12_41,0.03067791523558638,747
BS12_42__0__mask,BS12_42,0.03067791523558638,748
BS12_42__1__mask,BS12_42,0.03067791523558638,749
BS12_43__0__mask,BS12_43,0.03067791523558638,750
BS12_43__1__mask,BS12_43,0.03067791523558638,751
BS12_44__0__mask,BS12_44,0.03067791523558638,752
BS12_44__1__mask,BS12_44,0.03067791523558638,753
BS12_46__0__mask,BS12_46,0.03067791523558638,754
BS12_46__1__mask,BS12_46,0.03067791523558638,755
BS5__1__mask,BS5,0.11842119888403525,756
BS5__2__mask,BS5,0.11842119888403525,757
BS5_1__value__mask,BS5_1,0.1401291584692165,758
BS8_2__1__mask,BS8_2,0.46553736370002335,759
BS8_2__2__mask,BS8_2,0.46553736370002335,760
BS9_2__1__mask,BS9_2,0.6829504151522224,761
BS9_2__2__mask,BS9_2,0.6829504151522224,762
BS9_2__3__mask,BS9_2,0.6829504151522224,763
BS13__1__mask,BS13,0.560616670556982,764
BS13__2__mask,BS13,0.560616670556982,765
BS10_1__1__mask,BS10_1,0.06268965287271999,766
BS10_1__2__mask,BS10_1,0.06268965287271999,767
BS2__value__mask,BS2,0.006457923460824524,768
BS10_2__value__mask,BS10_2,0.002978870030122156,769
BS10_3__value__mask,BS10_3,0.0029677548434425957,770
sm_presnt__0__mask,sm_presnt,0.7642468905265264,771
sm_presnt__1__mask,sm_presnt,0.7642468905265264,772
BE3_71__1__mask,BE3_71,0.6860404370491402,773
BE3_71__2__mask,BE3_71,0.6860404370491402,774
BE3_72__value__mask,BE3_72,0.015094423510842865,775
BE3_73__value__mask,BE3_73,0.015027732390765504,776
BE3_74__value__mask,BE3_74,0.015027732390765504,777
BE3_81__1__mask,BE3_81,0.6859626307423833,778
BE3_81__2__mask,BE3_81,0.6859626307423833,779
BE3_82__value__mask,BE3_82,0.06782486911867684,780
BE3_83__value__mask,BE3_83,0.06773594762524036,781
BE3_84__value__mask,BE3_84,0.06773594762524036,782
BE3_91__1__mask,BE3_91,0.6860070914891016,783
BE3_91__2__mask,BE3_91,0.6860070914891016,784
BE3_92__value__mask,BE3_92,0.37494859226160704,785
BE3_93__value__mask,BE3_93,0.37415941400735825,786
BE3_94__value__mask,BE3_94,0.37415941400735825,787
BE3_75__1__mask,BE3_75,0.6854068714084053,788
BE3_75__2__mask,BE3_75,0.6854068714084053,789
BE3_76__value__mask,BE3_76,0.07775073082352418,790
BE3_77__value__mask,BE3_77,0.0777173852634855,791
BE3_78__value__mask,BE3_78,0.0777173852634855,792
BE3_85__1__mask,BE3_85,0.6854068714084053,793
BE3_85__2__mask,BE3_85,0.6854068714084053,794
BE3_86__value__mask,BE3_86,0.18632387430946903,795
BE3_87__value__mask,BE3_87,0.18625718318939166,796
BE3_88__value__mask,BE3_88,0.18625718318939166,797
BE8_1__value__mask,BE8_1,0.7141952049084664,798
BE8_2__value__mask,BE8_2,0.7141952049084664,799
BE3_31__1__mask,BE3_31,0.7509308968844132,800
BE3_31__2__mask,BE3_31,0.7509308968844132,801
BE3_31__3__mask,BE3_31,0.7509308968844132,802
BE3_31__4__mask,BE3_31,0.7509308968844132,803
BE3_31__5__mask,BE3_31,0.7509308968844132,804
BE3_31__6__mask,BE3_31,0.7509308968844132,805
BE3_31__7__mask,BE3_31,0.7509308968844132,806
BE3_31__8__mask,BE3_31,0.7509308968844132,807
BE3_32__value__mask,BE3_32,0.6215945846810497,808
BE3_33__value__mask,BE3_33,0.6215945846810497,809
BE5_1__1__mask,BE5_1,0.7900007780630676,810
BE5_1__2__mask,BE5_1,0.7900007780630676,811
BE5_1__3__mask,BE5_1,0.7900007780630676,812
BE5_1__4__mask,BE5_1,0.7900007780630676,813
BE5_1__5__mask,BE5_1,0.7900007780630676,814
BE5_1__6__mask,BE5_1,0.7900007780630676,815
BE9__1__mask,BE9,0.03810285993753265,816
BE9__2__mask,BE9,0.03810285993753265,817
BE9__3__mask,BE9,0.03810285993753265,818
BE9__4__mask,BE9,0.03810285993753265,819
BE9__5__mask,BE9,0.03810285993753265,820
BE9__6__mask,BE9,0.03810285993753265,821
BE9__7__mask,BE9,0.03810285993753265,822
BE9__8__mask,BE9,0.03810285993753265,823
pa_aerobic__0__mask,pa_aerobic,0.6835061744862005,824
pa_aerobic__1__mask,pa_aerobic,0.6835061744862005,825
LW_ms__1__mask,LW_ms,0.41208443095801794,826
LW_ms__2__mask,LW_ms,0.41208443095801794,827
LW_ms__3__mask,LW_ms,0.41208443095801794,828
LW_ms__4__mask,LW_ms,0.41208443095801794,829
LW_ms__5__mask,LW_ms,0.41208443095801794,830
LW_ms__6__mask,LW_ms,0.41208443095801794,831
LW_ms__7__mask,LW_ms,0.41208443095801794,832
LW_mp_a__value__mask,LW_mp_a,0.20867651472206475,833
LW_ms_1__1__mask,LW_ms_1,0.000666911200773617,834
LW_ms_1__2__mask,LW_ms_1,0.000666911200773617,835
LW_ms_1__3__mask,LW_ms_1,0.000666911200773617,836
LW_ms_1__4__mask,LW_ms_1,0.000666911200773617,837
LW_ms_1__5__mask,LW_ms_1,0.000666911200773617,838
LW_ms_a__value__mask,LW_ms_a,0.43710471617370816,839
LW_pr__1__mask,LW_pr,0.42753454044260675,840
LW_pr__2__mask,LW_pr,0.42753454044260675,841
LW_pr_1__value__mask,LW_pr_1,0.34403725810574987,842
LW_mt__1__mask,LW_mt,0.34435959851945713,843
LW_mt__2__mask,LW_mt,0.34435959851945713,844
LW_mt_a1__value__mask,LW_mt_a1,0.3334000244534107,845
LW_mt_a2__value__mask,LW_mt_a2,0.3324774639590072,846
LW_br__1__mask,LW_br,0.3342670090144164,847
LW_br__2__mask,LW_br,0.3342670090144164,848
LW_br_ch__value__mask,LW_br_ch,0.2878055286938544,849
LW_br_dur__value__mask,LW_br_dur,0.28419309302299733,850
LW_br_yy__value__mask,LW_br_yy,0.28419309302299733,851
LW_br_mm__value__mask,LW_br_mm,0.28418197783631777,852
LW_oc__1__mask,LW_oc,0.41118410083697354,853
LW_oc__2__mask,LW_oc,0.41118410083697354,854
LW_wh__1__mask,LW_wh,0.020563095357186523,855
LW_wh__2__mask,LW_wh,0.020563095357186523,856
LW_wh_a__value__mask,LW_wh_a,0.0036235508575366525,857
LW_wh_dur__value__mask,LW_wh_dur,0.003612435670857092,858
LW_wh_yy__value__mask,LW_wh_yy,0.003612435670857092,859
LW_wh_mm__value__mask,LW_wh_mm,0.003612435670857092,860
L_BR__1__mask,L_BR,0.8920493069681106,861
L_BR__0__mask,L_BR,0.8920493069681106,862
L_LN__1__mask,L_LN,0.8920493069681106,863
L_LN__0__mask,L_LN,0.8920493069681106,864
L_DN__1__mask,L_DN,0.8920493069681106,865
L_DN__0__mask,L_DN,0.8920493069681106,866
L_BR_FQ__1__mask,L_BR_FQ,0.8917380817410828,867
L_BR_FQ__2__mask,L_BR_FQ,0.8917380817410828,868
L_BR_FQ__3__mask,L_BR_FQ,0.8917380817410828,869
L_BR_FQ__4__mask,L_BR_FQ,0.8917380817410828,870
L_LN_FQ__1__mask,L_LN_FQ,0.8917380817410828,871
L_LN_FQ__2__mask,L_LN_FQ,0.8917380817410828,872
L_LN_FQ__3__mask,L_LN_FQ,0.8917380817410828,873
L_LN_FQ__4__mask,L_LN_FQ,0.8917380817410828,874
L_DN_FQ__1__mask,L_DN_FQ,0.8917269665544033,875
L_DN_FQ__2__mask,L_DN_FQ,0.8917269665544033,876
L_DN_FQ__3__mask,L_DN_FQ,0.8917269665544033,877
L_DN_FQ__4__mask,L_DN_FQ,0.8917269665544033,878
L_BR_TO__1__mask,L_BR_TO,0.6830059910856203,879
L_BR_TO__2__mask,L_BR_TO,0.6830059910856203,880
L_BR_WHO__1__mask,L_BR_WHO,0.4186535062856381,881
L_BR_WHO__2__mask,L_BR_WHO,0.4186535062856381,882
L_LN_TO__1__mask,L_LN_TO,0.8605488679182367,883
L_LN_TO__2__mask,L_LN_TO,0.8605488679182367,884
L_LN_WHO__1__mask,L_LN_WHO,0.6156813053675236,885
L_LN_WHO__2__mask,L_LN_WHO,0.6156813053675236,886
L_DN_TO__1__mask,L_DN_TO,0.8734869452132449,887
L_DN_TO__2__mask,L_DN_TO,0.8734869452132449,888
L_DN_WHO__1__mask,L_DN_WHO,0.687941133971345,889
L_DN_WHO__2__mask,L_DN_WHO,0.687941133971345,890
L_OUT_FQ__1__mask,L_OUT_FQ,0.8916936209943646,891
L_OUT_FQ__2__mask,L_OUT_FQ,0.8916936209943646,892
L_OUT_FQ__3__mask,L_OUT_FQ,0.8916936209943646,893
L_OUT_FQ__4__mask,L_OUT_FQ,0.8916936209943646,894
L_OUT_FQ__5__mask,L_OUT_FQ,0.8916936209943646,895
L_OUT_FQ__6__mask,L_OUT_FQ,0.8916936209943646,896
L_OUT_FQ__7__mask,L_OUT_FQ,0.8916936209943646,897
LS_VEG1__1__mask,LS_VEG1,0.4260673358009048,898
LS_VEG1__2__mask,LS_VEG1,0.4260673358009048,899
LS_VEG1__3__mask,LS_VEG1,0.4260673358009048,900
LS_VEG1__4__mask,LS_VEG1,0.4260673358009048,901
LS_VEG1__5__mask,LS_VEG1,0.4260673358009048,902
LS_VEG1__6__mask,LS_VEG1,0.4260673358009048,903
LS_VEG1__7__mask,LS_VEG1,0.4260673358009048,904
LS_VEG1__8__mask,LS_VEG1,0.4260673358009048,905
LS_VEG1__9__mask,LS_VEG1,0.4260673358009048,906
LS_VEG2__1__mask,LS_VEG2,0.4260673358009048,907
LS_VEG2__2__mask,LS_VEG2,0.4260673358009048,908
LS_VEG2__3__mask,LS_VEG2,0.4260673358009048,909
LS_VEG2__4__mask,LS_VEG2,0.4260673358009048,910
LS_VEG2__5__mask,LS_VEG2,0.4260673358009048,911
LS_VEG2__6__mask,LS_VEG2,0.4260673358009048,912
LS_VEG2__7__mask,LS_VEG2,0.4260673358009048,913
LS_VEG2__8__mask,LS_VEG2,0.4260673358009048,914
LS_VEG2__9__mask,LS_VEG2,0.4260673358009048,915
LS_FRUIT__1__mask,LS_FRUIT,0.4260673358009048,916
LS_FRUIT__2__mask,LS_FRUIT,0.4260673358009048,917
LS_FRUIT__3__mask,LS_FRUIT,0.4260673358009048,918
LS_FRUIT__4__mask,LS_FRUIT,0.4260673358009048,919
LS_FRUIT__5__mask,LS_FRUIT,0.4260673358009048,920
LS_FRUIT__6__mask,LS_FRUIT,0.4260673358009048,921
LS_FRUIT__7__mask,LS_FRUIT,0.4260673358009048,922
LS_FRUIT__8__mask,LS_FRUIT,0.4260673358009048,923
LS_FRUIT__9__mask,LS_FRUIT,0.4260673358009048,924
LS_1YR__1__mask,LS_1YR,0.8917380817410828,925
LS_1YR__2__mask,LS_1YR,0.8917380817410828,926
LK_EDU__1__mask,LK_EDU,0.8393410917336357,927
LK_EDU__2__mask,LK_EDU,0.8393410917336357,928
LK_LB_CO__1__mask,LK_LB_CO,0.8393188613602766,929
LK_LB_CO__2__mask,LK_LB_CO,0.8393188613602766,930
LK_LB_US__1__mask,LK_LB_US,0.6214389720675358,931
LK_LB_US__2__mask,LK_LB_US,0.6214389720675358,932
LK_LB_IT__1__mask,LK_LB_IT,0.22043638222903952,933
LK_LB_IT__2__mask,LK_LB_IT,0.22043638222903952,934
LK_LB_IT__3__mask,LK_LB_IT,0.22043638222903952,935
LK_LB_IT__4__mask,LK_LB_IT,0.22043638222903952,936
LK_LB_IT__5__mask,LK_LB_IT,0.22043638222903952,937
LK_LB_IT__6__mask,LK_LB_IT,0.22043638222903952,938
LK_LB_IT__7__mask,LK_LB_IT,0.22043638222903952,939
LK_LB_IT__8__mask,LK_LB_IT,0.22043638222903952,940
LK_LB_IT__9__mask,LK_LB_IT,0.22043638222903952,941
LK_LB_IT__10__mask,LK_LB_IT,0.22043638222903952,942
LK_LB_EF__1__mask,LK_LB_EF,0.22039192148232128,943
LK_LB_EF__2__mask,LK_LB_EF,0.22039192148232128,944
Y_BTH_WT__value__mask,Y_BTH_WT,0.026498605044071716,945
Y_MTM_YN__1__mask,Y_MTM_YN,0.026520835417430836,946
Y_MTM_YN__2__mask,Y_MTM_YN,0.026520835417430836,947
Y_MTM_S1__value__mask,Y_MTM_S1,0.023364122400435717,948
Y_MTM_S2__value__mask,Y_MTM_S2,1.1115186679560283e-05,949
Y_MTM_D1__value__mask,Y_MTM_D1,0.023353007213756154,950
Y_MTM_D2__value__mask,Y_MTM_D2,0.0,951
Y_FM_YN__1__mask,Y_FM_YN,0.026520835417430836,952
Y_FM_YN__2__mask,Y_FM_YN,0.026520835417430836,953
Y_FM_S1__value__mask,Y_FM_S1,0.021474540664910467,954
Y_FM_S2__value__mask,Y_FM_S2,4.446074671824113e-05,955
Y_FM_D1__value__mask,Y_FM_D1,0.02154123178498783,956
Y_FM_D2__value__mask,Y_FM_D2,4.446074671824113e-05,957
Y_MLK_ST__value__mask,Y_MLK_ST,0.024697944801982948,958
Y_WN_ST__value__mask,Y_WN_ST,0.02632076205719875,959
Y_SUP_YN__1__mask,Y_SUP_YN,0.026520835417430836,960
Y_SUP_YN__2__mask,Y_SUP_YN,0.026520835417430836,961
Y_SUP_KD1__0__mask,Y_SUP_KD1,0.014316360443273645,962
Y_SUP_KD1__1__mask,Y_SUP_KD1,0.014316360443273645,963
Y_SUP_KD3__0__mask,Y_SUP_KD3,0.014316360443273645,964
Y_SUP_KD3__1__mask,Y_SUP_KD3,0.014316360443273645,965
Y_SUP_KD4__0__mask,Y_SUP_KD4,0.014316360443273645,966
Y_SUP_KD4__1__mask,Y_SUP_KD4,0.014316360443273645,967
Y_SUP_KD7__0__mask,Y_SUP_KD7,0.014316360443273645,968
Y_SUP_KD7__1__mask,Y_SUP_KD7,0.014316360443273645,969
N_DIET__1__mask,N_DIET,0.8913268198339391,970
N_DIET__2__mask,N_DIET,0.8913268198339391,971
N_DIET_WHY__1__mask,N_DIET_WHY,0.21019929529716452,972
N_DIET_WHY__2__mask,N_DIET_WHY,0.21019929529716452,973
N_DIET_WHY__3__mask,N_DIET_WHY,0.21019929529716452,974
N_DUSUAL__1__mask,N_DUSUAL,0.7467182411328598,975
N_DUSUAL__2__mask,N_DUSUAL,0.7467182411328598,976
N_DUSUAL__3__mask,N_DUSUAL,0.7467182411328598,977
N_WAT_C__value__mask,N_WAT_C,0.892038191781431,978
N_BF__1__mask,N_BF,0.12026631987284227,979
N_BF__2__mask,N_BF,0.12026631987284227,980
N_BFD_Y__1__mask,N_BFD_Y,0.017906565740771617,981
N_BFD_Y__2__mask,N_BFD_Y,0.017906565740771617,982
N_DAY__월요일__mask,N_DAY,0.811553125034735,983
N_DAY__화요일__mask,N_DAY,0.811553125034735,984
N_DAY__수요일__mask,N_DAY,0.811553125034735,985
N_DAY__목요일__mask,N_DAY,0.811553125034735,986
N_DAY__금요일__mask,N_DAY,0.811553125034735,987
N_DAY__토요일__mask,N_DAY,0.811553125034735,988
N_DAY__일요일__mask,N_DAY,0.811553125034735,989
N_INTK__value__mask,N_INTK,0.8920493069681106,990
N_EN__value__mask,N_EN,0.8920493069681106,991
N_WATER__value__mask,N_WATER,0.8920493069681106,992
N_PROT__value__mask,N_PROT,0.8920493069681106,993
N_FAT__value__mask,N_FAT,0.8920493069681106,994
N_SFA__value__mask,N_SFA,0.8920493069681106,995
N_MUFA__value__mask,N_MUFA,0.8920493069681106,996
N_PUFA__value__mask,N_PUFA,0.8920493069681106,997
N_N3__value__mask,N_N3,0.8920493069681106,998
N_N6__value__mask,N_N6,0.8920493069681106,999
N_CHOL__value__mask,N_CHOL,0.7359587404270455,1000
N_CHO__value__mask,N_CHO,0.8920493069681106,1001
N_TDF__value__mask,N_TDF,0.7359587404270455,1002
N_SUGAR__value__mask,N_SUGAR,0.6622872831149199,1003
N_CA__value__mask,N_CA,0.8920493069681106,1004
N_PHOS__value__mask,N_PHOS,0.8920493069681106,1005
N_NA__value__mask,N_NA,0.8920493069681106,1006
N_K__value__mask,N_K,0.8920493069681106,1007
N_MG__value__mask,N_MG,0.6622872831149199,1008
N_FE__value__mask,N_FE,0.8920493069681106,1009
N_ZN__value__mask,N_ZN,0.6622872831149199,1010
N_VA_RAE__value__mask,N_VA_RAE,0.6622872831149199,1011
N_VITD__value__mask,N_VITD,0.6622872831149199,1012
N_VITE__value__mask,N_VITE,0.6622872831149199,1013
N_CAROT__value__mask,N_CAROT,0.8920493069681106,1014
N_RETIN__value__mask,N_RETIN,0.8920493069681106,1015
N_B1__value__mask,N_B1,0.8920493069681106,1016
N_B2__value__mask,N_B2,0.8920493069681106,1017
N_NIAC__value__mask,N_NIAC,0.8920493069681106,1018
N_FOLATE__value__mask,N_FOLATE,0.6622872831149199,1019
N_VITC__value__mask,N_VITC,0.8920493069681106,1020
LF_secur_y__1__mask,LF_secur_y,0.2970644791979281,1021
LF_BUYER__1__mask,LF_BUYER,0.8594818099969989,1022
LF_BUYER__2__mask,LF_BUYER,0.8594818099969989,1023
LF_SAFE__1__mask,LF_SAFE,0.8989518378961174,1024
LF_SAFE__2__mask,LF_SAFE,0.8989518378961174,1025
LF_SAFE__3__mask,LF_SAFE,0.8989518378961174,1026
LF_SAFE__4__mask,LF_SAFE,0.8989518378961174,1027
